id,label
A3EMGD8RAEOK64_2907,1
A2BOWU2PX28BET_5501,5
A100WO06OQR8BQ_10469,4
A2H4LKU7CPIUU9_11364,5
A14RF11JYGDKI8_23751,3
A1ZWWLQFDTP5TE_2549,5
A3SHAC3GVMHPWD_23491,1
A2EP4PMBS78D5F_4608,5
A1RLNWIN74WBZW_16258,4
A371EYWDGHVSAK_3411,5
A4ZTK81NUSDH1_18531,4
A2M2UBFKZKC8OI_7238,5
A38BJJX22XP7SP_10427,4
A2X1G6S60ULIYJ_22259,4
A23MJLDET986F7_5966,5
A6EKCSZ2XWDGV_21867,1
A3SCJISB4IZL79_18595,3
A1RHP6PX9UPJ3E_12831,3
A3MH99KJ4SWVKB_18770,3
A1BBBIN5NMNPV7_58,4
A1PQ1PESSO8CMO_5823,5
AVCTILIAWIFIJ_21276,3
A3FTR9MZ8HJ740_9650,4
A28E9N78YH8XLG_21375,5
A1S5ZQ61RFCSOE_12398,1
A8F27NVA2ARO7_5745,5
A3O5T5VAQ3TD17_19298,2
A3IP5IWF3496D2_7315,3
A33ZPRGHUHMBPP_11692,3
A3GEX2Z363SNGE_18414,1
AEESRZ0CZ1R4J_5708,5
A2UPKPG5OBNCAZ_10396,2
A2AFJD7X0EII41_15964,1
A9BN9L8T4JS59_14315,3
AWW7RK5GG9TFY_21820,2
AV4H59BHCWJ89_4471,3
A2DNMDHGAT6JZW_10571,1
A10B1UKRYSK9K2_21227,4
AM68L114XLCD_11028,2
A2ONLDB3HCV1K2_3310,5
A26UHHSKOOV8LT_19202,2
AHNYNRS4JF1R8_20741,3
A1NGY22FQPWGQF_12241,1
A1AGA3FF8VQNO4_2376,4
A08161909WK3HU7UYTMW_11956,5
A2HD6ZM35XFAG1_17245,3
A1VXO8FQ4GAFUO_3634,5
AVTMYIRSYF8BK_4641,3
A1U4BI131GH3KW_19222,4
A2VPMQMW2JB8ZX_4840,4
A2EI4T5YBKF6G4_22706,2
A1UEKWP21I624H_1951,4
A10ARFGFWMVO9G_21394,1
A3U5Q0QAA49ZFQ_5815,5
A6AX9RJ43B55M_11165,3
A2CR2DIH9LNGBM_4275,3
A37BTU85F17716_6601,4
A1FWX3EKB70QES_20991,3
A329UBPT73PAMZ_20530,3
A1LKQT9TJLU1OA_15662,1
A1BL1H27IHLOQX_21050,2
ANYLQYR2FFJ4_653,3
A2YD0YKPG1T80S_7169,4
A1HY330AC7XUCC_19715,2
A3MCEFHHX3IXJ5_7622,5
AEYKB0I8IJPRR_22346,1
AK5YUL13JKBM_2957,4
AAK377MAKWL62_1243,2
A1Z2WCGRP49DF8_16070,4
AN6I05GKPKW6U_5752,5
A1D00GEXOG8FXR_10127,4
AZVA13Q19KURR_21097,1
ADOAIHJFM1XDN_16129,4
AJR36DM1191VQ_22207,4
A132YPUAH1S0XV_18451,2
A2OP6GAWTLEF5S_4656,5
AJFCV3KG7FMVH_21739,1
A3EBQZN7ZJYF8E_18600,3
A2SP52NH44LRDS_11523,1
A2UTZZZHY6LNC8_924,5
A2LLP61JZEEAIU_19384,3
A2HQ4F42L9O7XI_11756,4
A2OI4QVY88HBH2_10420,3
A1UF8AQYE6TMGH_19415,3
A352H2KJM3ET9H_7751,5
AJOE61SITTESJ_5770,5
A39E7OURBJ3GY7_5692,1
A1QGGYMSJY9W4O_23153,2
ATFWU4WSZ38BF_21186,3
A2FHM6DSCFOABL_23310,3
AJ09ITQVXNXRL_7189,5
A357PR36ZKWF4Z_23896,1
ATCZN8BVKGQ7Q_17487,1
AYFVRNZIVH1HB_8733,4
AS5ZYSQTL9UGR_7902,5
A1ONLNA4KGV3ZC_8121,5
A37JRXSEQ4DLK5_3281,5
A24DA50H1AQGQN_5230,4
A2XBLMW3MJF9NC_7627,5
AAHZ3X2GLX171_19136,3
AWBXMV731DE8U_11712,2
A1HI0WDHZB4WE1_17348,1
A2WAKV0HLPVIQS_15456,2
A34Y3IZH8GVYMO_1919,5
A1USCSLRVAP0D1_9205,5
A2HWMV7ATIXLRB_960,4
A1LS637NUN2IAX_22692,2
ABZWJ944HL5LS_19566,3
A2JGO1MOFL1OJU_10448,2
A2P5SRLMQXS759_854,5
AQ542Q2BCBR8S_5892,4
A2QWHC6G91IDJA_8861,4
A3IY9I5AESTHU8_12726,4
A268PS668GOQBG_22267,5
A2ZLR3PG0243GM_16462,2
AG91TFMTVDNP2_20642,4
A2Q08HLDCON6RZ_11273,4
A24EREP135RUB_15881,2
A3GISRNT7BJEO8_17842,1
A1CV0YPSIRAKGT_15718,5
A18B39JZP5ABDZ_11767,4
A3S8DIGQ63B0D_21289,3
AC9RN6DJ953QY_639,3
A36VDFR1I09IFB_22618,3
A1DGLX5W5IGJAU_8164,5
A3F4C35NJBFCRE_17229,2
A1Q6V9WO0AHI07_21457,1
A1HWFAMAC1ZQ48_21257,2
AUAETP9M2T3KE_20368,5
A3LT8KGIKW3VC2_12550,3
A1WVEHODRT07LO_9167,5
A2I7YAB0AXA2FA_2874,1
A2Z9HS4YPRDUWR_1998,3
A1540AI9QVNXK8_20867,3
AHJAE899CPR41_18044,4
A397Q6LCA6EFZ9_13500,3
A1FOQBQZD7GZIO_16347,3
AFJZK7HNPGRY5_22671,1
A3KK4WJI1P1D5K_8053,5
A1N2L32I29ZQ96_20739,3
A36QQS2R0JPFA5_1135,1
A2MOII71TYGNSE_4870,5
A3GMRJFK0CRCQR_14614,4
A2538BG2K1FJJ5_9170,1
A14VNXS7M0JO5K_9010,1
A1ER6IYOMM8VCT_6132,4
ANUW7413F2AXP_7035,5
A123H650X81EJK_11598,4
A2OITKFJO55W06_5662,4
A25V2V2ZUIE9S2_13980,5
A22UQBG4ADJGF3_20483,2
A226O6B428VDIA_966,4
A3S7P1L6IVSTZU_20346,3
A267IXCC7UK1HY_12943,5
A1Q4NDCIVSJ9OS_14193,3
A48VUGTKXFBSP_20334,3
A3HXHW3QXM5FMP_5504,4
AXCXK6G2EOA6A_1659,4
A133JP50JLSPGE_15105,3
A1YV62YOLPDL2I_1399,5
A3F4L6U0XIF4SG_22119,1
A2H71R3SV7VATW_10864,5
A2ZKCZ6AZNMPTF_3013,5
A3LMKLYGIE0HFW_4220,3
ASEAFLMNCPQZ4_14530,4
A3ABWV9YWXQQVM_6479,5
ARMG4L2GLW25A_2112,3
AORJB0NP013UT_714,5
A16DR2RBQZLBSI_2457,4
A2VFN33XFSDW9C_8481,4
A30I46LSP5FMOP_19205,1
A551XY0L7WQXU_19081,4
A2VLF9FE68LFX6_2753,5
A1JHC5YJD92EX9_12197,3
A1KIUZEOJOAVS_21639,1
A3S1IMREMJRQGM_6492,2
A3CN9CCJUNIPKT_20239,2
A3MZW7YS78WF9V_7283,4
A25VOQWERIQ9BN_2020,5
A1JBQE078V1LG2_391,5
A3NOHSAB2BIFCB_3979,5
ARPP0NYHJ0A9Q_21598,4
A1QC2SOHXBNQ46_23210,2
A148ABAGOSRWCG_20748,3
A271TR81FUN8SX_3103,4
A2PUSOJ163S0HQ_8187,5
AFJOSH1UTYUAK_18026,1
A3FSOSQN8QNYZ3_18217,2
A2R9K1M7TUF4D0_14817,4
A3NLSQ0TW97MOO_23127,3
AR9UOKFVNBHUV_1018,4
A2H56YN65JAJY_5697,2
A789KK8Y3NAV4_8525,2
A1DE28TZJ3VQ08_9792,5
A1GLG82FU3V3OO_1604,4
A3RJ0LX5R4CJRY_16825,4
A3KD6ZZD5SZRWX_12984,4
A12DWQ5EXG9HIX_11656,3
AAGKECFI47XBY_8133,5
AYR6QA16I5FTR_20511,5
A20KYZBVPQWCDT_22492,3
A18G17DD24353J_10741,1
A19W6XTDVSB3LT_22470,1
A370RGTJSOLC35_1321,4
A1X89MV8MJQ0UM_19769,1
A3R4OBLGEUYQQM_9968,4
AVOPXANTVVFD0_5164,5
A1C8NV5EVNLA3I_2962,5
A1KA6N2NO6E0LH_3929,3
A1TNGUYW3G9PW2_8683,5
A1LK03QPWLVTGM_15182,3
A3AHNJFBTGFKC8_10102,4
A174CPEO30GK6Q_22226,5
A2KS480CRT12YZ_6803,5
A1M0OSCFOAMAZO_11740,3
A1HD1HJQ2QJIXL_17561,3
A3SXTAK8L3QWB_3956,5
AG1MDK0TA0GUM_13320,5
A17PJADQMFK1UW_10290,5
A2VE3MCWGO2DPL_15271,3
A32JMQL8RJKFCY_20737,5
A3EZUW46UNHK8D_5386,4
A3URAV5K9W0JFK_3462,5
A3MKR7UW10BJRH_5092,5
A2JQL3ZTB4PE6L_3570,5
A2H25Q26XAML8P_19159,1
A1DSOF0EK9G06C_20872,3
A1INH664G7CGCY_6642,5
A2608A4VOLFK3Z_2447,4
A1WXO1LU9O7Q2O_7654,4
A16TK8L1SSCCBD_8911,1
AYPTQGZN2V9BF_14835,3
A1LESXRF16HNMX_10422,4
A2L1S50GABL5SI_10690,4
A5CYW5OL2T1J6_23734,3
A310SKH8L08AQT_10322,2
AH09GVB713085_8552,3
A1B24G5HZXXJRP_9557,1
A1P42B77OL31QU_7758,5
A2JF7LK0HU3UAL_4283,4
A18CGTDZS305XM_14253,4
A2B8BOWWFCHBFX_23643,3
A3O9OQ2N7M9H2F_18606,4
A10YGN1IJFYVU4_23280,3
A2EJTWHUOML6A5_2452,4
A1KL3XRXPU7BUP_12922,4
A1VXL56DT59AZO_4374,3
A14XVZRIN0QD9U_23577,4
A27QYNFPGFZDT8_3131,3
A3TW2M0MYGB0G7_19030,3
A3QN15QBNGI3AM_2782,5
A38VYHH5R142YD_20559,3
A1IY8DJ2Q6TQ8K_12205,4
A2VLV7DQU2HIEF_13535,1
A29IYGR7SNPRIV_17031,1
A2YD0YKPG1T80S_7584,4
A3DCCCLI9A62LE_1438,4
A1YDNHBQXCUMY5_3048,3
AQ6SV7LDSMGBE_9169,5
A2CSP070G66KWY_4665,4
A6NLTIA75ELDM_1962,5
A1O5QKQ5148O31_16122,4
A2W9J1ZCL5N1ZB_22017,3
A2DA17KI9AQT90_7804,5
A1IVSAEW2F74JH_17360,1
A1UQWB231DP5F1_6723,3
A1FGBNH7J31ZYG_3406,4
AUVETO0JYOL9N_23806,5
A1EU66488BUQC2_12329,3
A2O2G70XOVT3Q1_47,5
A26IJMBOX37ER4_23621,4
A1JB7TD5JEP1TI_20668,1
A39OR5K9CJQ1GO_11351,5
A2N9Q8N88U5D9Q_17745,5
A2GXO05VHIP9V6_22550,5
A3F9UAX22LLZWK_783,3
A3168ACFHEC0P4_13436,5
A1FN0MKOV5J1SM_208,5
ATD17NLEE71PP_4933,5
AMUNM2SA2OR18_8032,5
A1Z2ZN39LL07GI_21100,2
AP3HCFD108KPK_6403,5
A25J4UMKYCKI5S_16166,4
AWI5YJF7TCN92_19388,1
A16OWKS6EHXNO1_12067,5
A36DJNFRNWAD4P_15201,4
A25TM6Q7ROIR0Y_7948,5
A1Q5NLAGN9JGYV_9958,3
AOGJR2WKKETT2_18474,4
A1AMP3HAUPL793_9554,2
A2OC0LWPUFE1K0_6575,5
ANKE519V7DVBZ_21805,3
A34DCJ4LQ0YMHJ_261,5
AC7FAPCKH9TS1_14966,4
A5EI199C7590I_18123,3
A394VWFJ6PAKD9_2830,3
A1CQWYG4SLLLYY_20563,4
A1TZY961YP1G9E_10180,4
A356IY21Y089VK_9250,3
ART9KARBQWWAJ_15240,2
A42DNERQ30666_2258,1
AVTCCT91Q6O5N_13137,4
A2ADEJQVWZ8ZG8_1504,5
A2MUGA17O4IC1E_16900,4
A2COLQKA6PU1AM_7313,4
A64H8AM3WEAVU_5876,2
A312FJPZFLWKAM_1725,5
A29XXFNYSOSDA_16450,4
A2ZUODG2SA4LZW_3912,5
AYWSFRCIMOAYE_12216,3
A9BBSV94E21OO_18728,1
A2SCVCJCYU2HN3_2552,3
A1Z7X5YKCMW1R9_8888,1
A7OX80JI75UY9_10483,3
A2ZKIQDTUIJY8R_13639,4
A22DFYZ7D0CYXV_21679,1
A42GFMF12V7XR_22832,2
AH9PU9RSE8306_7356,5
AIYDPAHP3T52B_13741,3
A104I5Q7E9OBK8_18116,4
AQLKQQX173KAX_1158,5
A1IRVUGNGK42SR_5864,4
A39QYCBKS4D6E7_4917,1
A74MRAQ88H21V_22828,3
A3PT1WF4F1TV3D_11926,4
AGB0CZ7K4PA88_15458,3
A2JNZP8T4TJ4EH_1506,4
A39MA8NXRQCRAV_8013,5
A2SB4TL38H4VCU_402,5
A10BQ55L4H3BFJ_1443,5
A15568B8YWW253_22849,2
AEFRJ6ZBKGZV2_16673,4
A12M8W9J511D2O_7484,5
A1WIHNBXMGUWW5_23489,1
A46HXEJF9XYZH_18805,2
A1Z52C18T1JL2R_3371,5
A2ILHT5DLZM6LI_8359,5
AW0W391IEW9IS_5154,5
A3923W0OJNGUHN_12048,4
A125TSEFHSTQLH_5468,5
A1SQAUBS2ETEGI_18575,4
ACT6I64UP5WDH_16371,5
A28LIDUWPD23S9_1816,4
A6X05XGFQMG81_11800,4
AFEKSP864VWTD_16737,3
ALPXQWZFWUXBK_14915,3
AZEOYC4VU91P6_16257,3
A29C8XFEMS6P5W_2525,5
A826BAXMAO8BD_18895,4
AP6VO2T9PX26F_8616,5
A1M130QH8LYJSU_2092,5
A8OKNE2PJNDJV_17165,2
A3FCWRLSIBRQX7_8912,2
A2ZHTF3RG2A3VX_14068,3
A1TVSUTOU7S3WN_10977,3
A1WV7FAG6YYC4_961,2
AZ2V31LDDWEE3_3868,1
A1H19MPGMJJ4OT_8806,4
A2TMTRFLILGX7E_4159,4
A1KMCGJO2DHSDG_12185,4
A3GRSAU3D14N02_5471,3
A7JK2LY3CHJ2H_8495,3
AX7N9951T0ECS_16948,4
AI8M4AETAD2OL_17137,1
A2VYA07KIX3RSH_11360,4
A308WGGF4L2DQM_16266,3
A38XKI2QND0Y7H_5368,5
A3JPOBOTAW6NFM_371,5
A2H5QPB5WWECZM_22331,2
A1UEE8PQDO53OT_415,5
A208YP64N64SS6_3913,5
ACAUKRL5QFDH8_23126,3
A3FZGQPFOESL7J_21798,4
ABEQP77CF79DI_1803,2
A1NSQJ51KWGW7A_19950,2
A2YORACOWM6BB1_20063,1
A1FZH2D3YVBY2P_14856,5
ARDVFUJQZ87Q5_3800,3
A2RYG8NK3QPUAC_14237,4
AHVQMPMXO0BRM_21800,2
A9LAPV8XNKZVZ_8011,3
A3IGTARUP032W5_1897,2
A14XLEP8TJ7HTU_7819,5
AJ093IH3TA4HU_23727,3
ARXUTYSPF3GBW_10163,4
A22XGP4X3D3EPL_2166,4
AGCB3FQOLCTLU_19216,1
A1JAQ3NCQWZ3VE_12803,1
A2ZY10D580TMWA_10706,1
AZV2Y78FIJSU6_17576,2
A3KPMQYHKE94AY_5091,5
AJ5MCTZT34PGD_6658,3
A2R07URVNNXSQW_16754,5
A2I4UXRPYB6UHW_21045,2
APTP3ZOCEI9XG_10155,5
A3S9HLDFMI6TG1_2739,3
A2J1N6ISZU2ZD1_9092,5
ADW6FLCFZ03SC_5003,5
A37CVM16AUOV3Q_20186,1
A1KB74QCFZF66T_23617,5
A2O3R0QFX9AOZB_22641,1
A2F26RQJQXRLP8_20520,4
A3EUFBRXQWLD9_21415,3
A2KE806EFWMQQH_23571,1
A3DAORHYH3ORIV_21320,1
A2GB3S7X9KV11X_16418,5
A1INNGLQJBQZ0D_9387,3
ACR6WUBLRJGYQ_20822,2
A810FPJRGOLVP_13040,1
A3E6BJCDNN27FU_1981,5
A8CZOOH92SXFL_1305,4
ANOAFB0GOMU5C_7069,5
A135NKWPQW8SAM_8591,1
A7Z162F55H0XD_451,5
A1NHMQB9Q6QRO5_2212,5
A3J0EHYJSFXVE_19246,4
A1XSMEXCJFEKPX_546,5
A1T3IQYR9AVTOQ_21713,3
A3HZ1YY45CPHPS_15434,4
A3OO0HLFXPUDTR_5661,5
AQSQMCPDP23NR_17903,2
A1CRXCI3SAVCGV_11973,5
A1FI6JLIK8K6CC_13790,3
A7MNE3YARYII1_18624,1
A3VUZV5DD4EYHJ_12675,4
A267D8W5VJ71DH_4324,5
AI82VVQOE9SL3_10370,4
A2O82CCNU9GL29_11832,4
AQ3R826WRNFRW_395,5
A1ISP282U0TP15_17310,4
A3UW0D8M5P642L_23761,1
A3IO2U3J119OO1_19461,1
A2FYL1SJHJQU7I_16370,3
AQD9B36HQ48T9_7899,5
A8WZ5ICYI9I6W_3694,5
A2G1QDV76CP9RN_12644,4
A1IF2GNES3L2HC_21654,1
A24BMTA23N1BE4_23628,3
A18QN63TV986AT_1788,5
ACZM4BESS9U0C_9684,4
A2ERNWETXKNJS0_12836,3
A3VKLHIOS47YTK_22831,1
A3GO5BQYPDOKF_23865,2
A2NQOVI6IEN9MH_19887,1
A355T33393XZCR_21846,1
ASSUR7Q0YT24C_6732,5
A11LQ5WSMB6YMP_9884,4
A17R4GQHT3RW2R_878,5
A8IQT3EXCAWYG_22101,2
A6Y0JU07J5564_19909,3
A2X5ENAGFQ60WJ_19661,1
AAJV8LX76BBQ_19693,2
A3H6WWISQYFRC6_18133,1
AG9D2YX5V3IOM_23520,2
A395E0IWH39S88_2760,5
A3H3GWU6R8GB6P_9075,5
A1R8H1LJE91KR8_8119,5
A2PUXHEQNC7VLF_4581,4
A3V3MUJ22ZLI43_21005,4
A3SKZ041H14I5H_14070,3
A24F57EP8KCY27_23162,5
A3EUK0MA2T8816_12583,5
AXSES4EXE179H_23095,1
ADBGEG2MSJM7U_4035,5
A9TMVPKAXEJSX_4587,2
A32FPMBFK9ERU0_3292,5
A30BDYOKZ7H141_2840,5
A3BKR3RCAZ7IOX_7118,5
A11RPHRCOKEP2O_14496,1
A3432MKHZF71GX_20187,3
A26NECI2KRMQHG_13490,5
A2U4FXQ0SZE2PU_4960,4
A1QA3QX2C8DN1B_6981,5
A1RJU6EQWR6X6S_11507,5
A34ID0O6SVO83G_14421,1
A2R6PCYLROHIV1_5377,5
A3LHSP45855LQ2_19998,2
A1GAKL6SA09SRJ_277,3
ABFWIIN89URT7_18457,5
AE8JBORN4YR7F_17383,1
A250KH95LYQ7V8_2241,5
ARFP7DXIYEF35_23879,1
A1RBGPLOQA4E0P_4362,4
AQY88N2WZAK0Y_12541,3
A3S3L9CGOGGPYB_4493,3
A2CJRAMK5VIZH9_21591,3
A3U8J6HOIYKIFM_22416,2
A3PQZ3PNGMIHYZ_10267,5
A13IP54XEYMO20_3381,5
AP2XEOK2G8SF0_3356,5
A1WZ9HVZYLCVEW_2927,4
A29IF7O5FIW9FA_12552,4
A1X2N8KBEBUDNO_7502,5
A1R9BWWR0YJP59_2320,5
A1AJDOL1S8UJYV_15653,1
A48O6K9PJCONX_4331,2
A2SX88ZKFUNXKW_13838,3
A2EK4LWXEYKQ91_3951,5
A31HZV6X3JX4D5_11258,5
A285J4QQ7K15RF_264,5
ADGR3XB512CM1_304,3
A17RFKCYS69M3Y_14583,1
AXQTHJOJ33DNA_17021,3
A3OBQ0BGEJZAL3_7411,5
AG3NN6B4D1FJI_22517,3
A3ORRZ1GTYIEG1_20585,3
A2G2R8D7CGHDJ_2553,5
AO8EUXU3N44RC_15624,5
A12XDFS1EKZEQ4_6993,5
APDO0ENLPDRS_35,5
A2KF3PJW24FBDQ_3118,5
A2G88ZXJC18NMP_2988,4
A2KR5X4NJ40PQF_22001,4
A29YXBFTD7QUP3_7672,5
A3DCIMEK9VI79J_10010,5
A3QG35MFKOH66Q_20499,3
AJI274VTPS98E_12987,4
A1TVMTW5GX4DYX_1696,5
AXHUK3WXOQ583_5423,5
A31DL5N2Z7C1R5_12184,4
A1Q887X2EV3MKD_2700,3
A3874APXYA7GNV_22960,3
A17WER66R17JEF_11810,4
A74MRAQ88H21V_3058,3
A12U3RZ3KD30HE_8979,3
A1CV19Z3EDXMJ6_5209,1
A3JDNMUI86DTTS_9891,4
A26HF3AJ0Q5MT6_4322,1
ADRH9RBV9NQS_6629,5
A2KJOWQAADBFM8_14018,4
A33CUOVDQB6677_22,5
A2LW015HURUUB1_14959,4
A2A3XI1YHAOY1K_14460,2
A1S5ZQ61RFCSOE_22729,1
A35Z12H2G089VU_4071,1
A1DBCUSELB970S_533,5
A3IY57SKZLCHN3_22737,3
A3LH58L999UTMC_20518,3
A6WRB9TK6XY62_3262,5
A31X9O49RQUNZ1_1505,2
A2NUHWMHA9XNKV_1586,3
A1Y5RYRM4AFUKC_11263,3
A35RCE15OI0ENL_15903,5
A3CUVE45JVZ7LA_18551,1
A2O9FRST0DEJFN_4279,5
A1J9MMBMXMO5NP_22779,3
A3FSOSQN8QNYZ3_17934,4
A1HAKVMGCST6H5_11067,4
A2JTVB49ZF04BB_9292,2
A147T6SLKKQ8ER_10579,4
AALALZYCP2QOQ_8799,5
A3VZQU0XTS366S_16210,2
A16EAJTQ59LK8Z_6941,5
A1PIOP87VTLAV9_14078,4
A11DX53E35B172_7137,4
A285A55TO0M4WW_13032,3
A35OWJ161BBKHG_17512,1
ASKZB335FQ11X_2075,1
A37QGJ9HL0ZYT3_22534,3
A188HGF5R5M754_15022,5
A20L037OGCIXJB_3052,3
A1GV5U0I80BRCA_81,4
A2F7BR7ACL3653_19069,1
A3H98LTZ2WV66E_10724,4
A2TR03D5W7NP8R_15992,4
ALIKSP1SAQDPU_23265,2
ALKCA6WORXMJL_12093,3
A24VCDADYAIHAM_9116,4
A3JMJPXA7J16GU_16895,4
APW66V7MGKMR6_13200,3
A3FB4UIM7CKKBP_3050,5
A2X7OPEUPCZ836_2474,5
A41I67QYRAOSQ_14810,2
ABWGTXGEVLMXD_12293,5
AQISTWK1MP33P_13573,2
AY0GCKR70J9F5_20572,1
A3W4LG35FH77TV_8805,5
A26Y4NZC99I8E5_18921,4
A1F1WWCUAQZISQ_4658,5
A391DTMN9ABF8C_16038,3
A1K7HNKPUQVTD2_12868,3
A2I7OXHWWVR3JV_23054,4
A1Q8D2ELXXE8TC_22494,2
ABL45LB3PAIL7_4792,5
AQPK52JT5LPA3_8181,5
A2TX01GMOIBXPF_4348,3
A2F17E6BLTFK2J_4157,4
A1WVR1PC0QKMRG_9087,4
A3P1508PZ0UADD_1942,5
A1N0X4MFZ34N39_13487,3
A1OYCQJ07A3034_4442,5
A34OUPGH2AYQW7_3120,4
A1HFMQDAA2SC1W_16856,1
A25N82GOMQ3DVO_8760,3
ATFK55IXDHS8M_18767,5
A4EP2HY72BAF7_9480,3
A26ONF960LRHYI_9589,2
ALQGU53I8TCU6_10605,3
A3O9G3EUBQSBCQ_5517,4
A3JEIHWAI37EFG_17654,2
A1ZZ2EB6FCY8MW_19557,3
A2PYCES966FDAR_9210,5
A2X27FQSHP418Y_17441,1
A12EDGP5ZGZVJD_11495,1
A3QN0UEOJG984J_18680,3
A3ILIDTK91224O_1945,4
ARR1DJAGD5992_6781,4
A329TTW9VJ2NBU_6770,2
A1P8U9DXXW614T_4562,5
A1EVWQYLY9Y3IC_20190,1
A3RXQE6E8Q8AQ4_5438,5
A2D32PBVXOFP6W_14030,2
A139R1VPHUMTEO_19997,4
A2DFWGM11UXUE_11489,1
A3L61G6N7AT8N2_19265,1
A2H5PGTC47VNA6_6877,1
AI89DW0KI0128_7764,4
A1YFXK97Z61X1C_3846,5
A2RPP75BN21YXG_14387,1
A3VLMGU2G4B9NS_2850,1
A2KXWHDW8P877G_11422,2
A1ELGLU71NVSG7_8611,4
A11QIIDU1TME4_22210,1
AWPA2ZUGLMXLW_1056,5
A1TDJ1A58JXXBS_9755,2
AP599TKODDVN8_8111,5
AWBXDSNVRS7C0_3355,4
A1QJQJIDKS2B9D_23377,3
A392CZ6KK0MH5X_7161,4
AQIY318OX7XYW_17902,3
A1J4H5U7JFZR3H_14462,3
A1HSMK6S478PM5_1363,5
AC5OIB26P6LK2_17761,2
A1W2UHSKIRNQVE_12021,5
A1I2PA621HCWBB_17796,2
A2GGA9Y08JHFIG_8778,5
A1IAALNPI1TCM7_3742,5
A3B70GUTLS10N5_21338,3
ACN2TYFT0YXM4_3709,5
A1K2LJWKBKZ6F9_20691,3
A1NI0VOVXZBM7Y_18013,3
A3AFL34Z9HKTAU_22817,1
A177K38NX2DY56_18535,2
A8UY3MA5ZE7DF_14985,3
A1HV6ERWD6M33L_5511,3
AU1N018WVND8Y_9459,1
A1PHDUKXNDKGP_17616,4
A3G9UENRNJXRR4_7367,1
AST4L7TX3N8EX_9006,2
A3LLE02CO1W5T1_1071,5
A3DGCIZZ8O124X_9571,3
A3OKYG9KWUTO2H_23299,1
A3GKTYBTQZ6DX9_1011,5
A31T3VAZKGFMEK_18526,3
A1C44B5PH027II_2708,5
A1X7FS1H4R02W1_5480,5
A3E825JD7597YD_16013,4
AWMNPNH2LXFGX_14544,3
A2K3KSV8GZ00IA_21709,1
AGNLZRSMX0PEC_22938,4
A1HCZQJ7BURNJT_20839,3
A2P08S6SHDPDRM_16219,3
A30V70JM6YXVXI_21663,2
A3NSE7T2BLZ7VR_18401,1
A3ELUBHR2H9I6N_12581,4
A551XY0L7WQXU_6393,5
A3OEBWYKH1B266_22856,3
A1X054KUYG5V_23345,3
A1FEM0RA4M87GV_314,5
A1KM9J57TJ65TC_11764,4
A1KV4E3KRTAFBS_23052,1
A10CEZ872J7296_20296,3
A18758S1PUYIDT_14778,3
A3UEWQUB9WC5CV_10308,5
A3V68W1ZX3EG2B_6130,1
A1L4A8IVRFE9KO_4597,4
A35YY0FL6T45H7_9464,3
A2QPA8K4SULRW2_22843,1
AUX0AAT25O9O0_5467,5
A3GO7KI1G6Q7U6_18183,1
AYP7ICAF43JOF_5676,4
A30M9ME5AT8K12_17608,2
A1KULI5HW8BVMH_23679,4
A29T1YK1BKEU29_21780,1
ALBYA3BQOB12L_13862,5
A3G7WL27MW8QXI_12573,3
A3I9VSHAVCCAUW_22709,1
A2PAO34GEJXXCU_4517,5
A3NRGGPNGQA62F_23855,3
A6QP1KJWRTSKK_13704,3
A14BZO2MMNMMAJ_12729,3
A3HXGMHFM09UBX_16738,4
A2WIFALZ8KU03L_4632,5
A24G7L2JPZ04YY_21976,1
A33IGC3EDDL5R4_5998,5
A2490GBIRZVVJT_3832,5
AVOLG6APGYRYV_23112,2
A1P30K8Q896XVG_7817,5
A1PD1YTN74AY5C_3862,4
AYS6J5D1Z4CNT_10262,3
A2WWB4U3DJBKFS_4389,5
A3FBO09YBNU0AK_2777,5
A39ZAXL9RVZ5VR_19338,3
A25CLT9ES9GWBZ_20135,1
A1XJ2XSG4W96K8_21715,1
A23UZZ4BURPLQI_5653,2
A3HIUJ0AQT9SRC_20229,1
A29ZFNVG727RGU_20886,1
A1IERUAGDIWZ7E_11533,1
A2EMV4R8DZG9PP_11400,1
A1TDF7GR8K2FJE_3743,4
AZIZF7LTTD7Z_19234,2
A1WUDCNHB9QLH8_12862,4
A2GJ41GYVRWS35_20031,1
A1NSCSIPBOAQOI_12734,1
AW06TGCIAXYS2_19561,3
A1GSJ4TMAE2MYC_10269,3
AVF60NZ99H9D5_17292,5
A3KOV4NK6MD0WQ_16039,3
A1457AO7LV0B0O_8596,1
ABNVZASAPH33B_3734,5
AIIME7ONS16GB_14993,2
A2S9J0ZOALNYFM_6457,4
A35MKR15IJGP3C_10681,3
A3ENX1Y48DJQVK_11986,4
APH4EG6DRPMCT_6126,5
A3DOWGAPPRTJH4_17592,1
A1XRNZ1RAEIK4K_3334,5
A29F2MJ3IS5KHL_23938,1
A1AAXVBMX4MWVC_2050,5
ABRAU6KKBKF3O_9120,3
A1OM1HSFAA4VIR_6743,4
AMNTZNZIAXI5O_7038,1
A1BQ0HTG3C53IH_145,4
A3ITD2FDGPB5CR_12741,3
A2JQV3DNBN3S3S_14075,1
ADBWMU6AB5I8H_19405,1
A29JMAG6CLFPI3_14731,4
A2Q713NUXIUNZ_6465,2
A1U9NCKU8OC3DQ_20123,4
A1FE8808JZGIK_956,5
A1TMWJUC1AMGQI_12962,4
A1CU40TOIGHYKN_14160,3
AC4EH29U5J5YK_6107,5
A2FQ1USWVZMPD8_6044,4
AJ31BWRFU2W9Q_20635,2
AICZPVJNU6QBI_23857,2
A3TBQ1CSPV3XEZ_7597,5
A22LDKAIBLRLR4_15140,1
AO714WX9TP32B_13971,4
A2QNTBKV8UQBC1_18345,4
A22P6AQNNFFQK1_10845,4
A2N6UZTNJNVS3A_5247,3
A3V3SRIHAW1UHZ_18084,2
A3LCBP3779NWKL_5716,4
A15LOW3MMZZZI9_16908,5
A2RPPG5T4Z1GOA_7992,5
A2ZD8IT06D1FCK_5385,5
A3F9UOWJ4NXRIE_20814,1
AB393KMNI492M_20775,4
A1YK31V8N02IFS_740,4
A1GUMWHGSEBDS5_3771,4
A1QWUMKPPJUOYA_1464,5
A29TC0PCTFQ7XI_9839,3
A6EH58AKFHXTH_2201,5
A3UHL49TJVGE4S_10450,2
A2GSC84FVSIJ8W_14825,1
A2JMI5PI572LB6_14357,4
A127KB3M6UQFL6_3198,2
A5RIJP083P20Q_15602,3
A3VQSFORKH8B7O_11413,5
A3QDHY8XXAOV2U_15824,3
A1RMYNFQMBIYC8_20912,3
A3IZQWRULAKKMT_6778,4
A3TXFJB5M5RG3V_22833,1
A27TMU9HWUHG5X_11241,5
A34P3QC23N0HZX_10220,4
A3LMP4R448BRKG_11414,2
A19U8NGKXOY5T1_4642,5
A2WHSKDSV2FHIE_3803,5
A34RW2KH2ZQSNT_2813,5
AXDXTS6IW6NH3_13630,3
A398C7O685VR18_9680,3
ATOYU6QSA7E1T_3425,4
A2MN44T0P4KERI_15819,1
A1819LV5G8OI6I_804,5
A1D5EI2RP526N3_11303,3
A2IQ9J9SSXHG0Z_4939,5
A3J88M8V5YHLV7_22970,3
A3RK1Y6G71Q4N8_19286,3
A28GIZR0CHZBIX_15173,4
A1DCSKLPH1G2TF_12816,3
A1PNQ4F0UC9V4_12259,2
A1HBRMO4GD50X_14607,2
A3E7F7YJPBKMWT_7242,5
ALK2WX65YH7KG_18849,5
ACQFS9JNHMFBZ_19022,2
A2A1AJO2GNTG6W_18284,1
A2208E747MXAQ3_16999,5
A2KXC33ZDH90Z6_16733,4
A1JFGDISIXWO3H_7274,4
AM63A7UC2AXVE_8478,4
A2GHAAIKFYTFY1_21137,2
A2J93JPZCRHYZ8_345,4
A2REDULZIBLOTB_3471,1
A19QXCL2LQJ9JY_14105,1
A3T4YO43IBJ7MC_10865,5
A1JFYPC4M406KL_13094,4
A1EU66488BUQC2_18455,3
A1W2JAZXUVWUBZ_1451,5
A1L6P93E67OOKS_20076,3
A3FP0Q1G4L2FJ1_5450,4
A2REHQ4HRG4HP4_11632,3
AH0RSR1MUZDYE_8134,3
A34O1FHEAN9DN6_3583,5
A1B8KYG1W1744D_2784,1
A2ENPEJU8AJNU6_23009,1
A2CHH5U12THP2D_17593,2
AX5ZFU92MGAZB_21380,2
AH06UFDUCQLUI_1204,5
A2L8829SSFQZ6U_17814,2
A1XKIR7F6E4OJ6_13706,1
A6UXKR93WH9WO_16600,3
A1XRPOP6G5U537_17510,3
A1EM4RTS8T5PA8_13133,4
A3DW7E9WDUC1SX_19078,1
A2RBS3KEBWJ4RX_15703,4
A6QYHVZR22JP5_19593,1
AQB1BHS1N9GPH_14715,2
A2TQIHRK7JNDCA_2423,3
A3M88RCAR2T804_12353,5
AYR9QV34HR56W_23787,2
A2HWIBVFNYVA1X_5050,5
A3NRHO869902K4_8279,5
A3NKVC51L4XVWB_7930,5
A3JQ58CZBV3FOZ_9923,4
A3FOSBM4MMUFER_20753,3
A3HB9AJ2HYGUVZ_4560,5
A2JEODPINTZWX0_21112,3
A3L3B81RJIDO56_13406,3
A21A17T3TG912R_2266,5
A2ROO8DKI0K542_9546,3
A2TFHD8YI0OA2J_14367,5
AZS0ZRC1ZR4MX_6869,3
AHCOHPEJGL2V2_15126,3
A2XS69IHBWW6SI_881,5
A2SOOG4P7TLAO9_22921,5
A2R04RVGKGL1Z6_5895,4
A2SQWM7T75MEC_17879,1
A2WS03A3HFMCI6_19406,2
A1SO4ARF3DUM3C_6547,2
AJ7Z4XMSI3RSB_18476,4
A1HUVGRO6ZJWNI_3731,5
A2YM6JTQIBZ8YC_11960,4
A2YL7MJ439CFCZ_12875,3
A16QY64BVV4A1X_9184,4
AIN84UNXQUFLK_12322,4
A3KKYCZ0CZ453X_10678,3
AU81CNP0YW8G_7943,5
A1FZEP0PZLG25Y_18870,1
A1751JOJFVXE5Y_16089,5
A8NTLDAEGCYR1_20738,4
A13KYIV76C9ZWO_9550,2
A210CHUAF1CGU1_10457,4
AL1WE3X62YC3T_21941,1
A29IZYCZFQVMGU_5820,1
A3CQ4B69W6ZI6V_23634,1
A6A836XK0QM2W_15696,4
AMWC81F6KKKCA_6581,5
A1QF9JR5S88TFS_19766,1
A2I837L8G30QHB_21229,1
A82Q2SP65Y14X_9844,3
A1W59BUVVMP4UL_4460,5
A1GJ5I1Y45WV7I_19477,4
A130YXZ5FZ1X0M_21912,1
A30WFYKC1210LA_10968,3
A7QKG8NXOR7W0_14425,4
A2NLL8X7KOHIXL_10798,4
A2LUIR3SGJ967C_12448,3
A2QEWZDQOHBKCV_20322,3
A1O25RJH2WXI2Z_10886,4
AKQ3N1LXAP6SL_12966,1
A25KKXUQQ0OLWB_221,3
A36KJYDBSISU8W_9983,4
A1UZDDOYS240ZV_4439,5
A25CKZXB7GLCO6_3505,4
ASIX14IFP5BH6_15003,5
A1NI0VOVXZBM7Y_6407,4
A2U1HG5997AK62_20207,1
ATOAYL20ZUE5E_19457,3
A345WVAVMMO6F0_16246,2
AQ8SX9HLM8KFW_23916,3
AZABW35W1T2S1_8080,5
ACQT14ZN20YQY_8247,5
A18EY641PIFQ3V_11833,2
AX0NP95STC5IX_2520,4
A36105TNLQVS5W_21708,1
AIZFFX5GEZ0YI_9822,4
A2IDU0AHILRCV9_13798,3
A8JQE26ZSFVM9_9042,3
A3U5RC83IITZLQ_14243,4
A36JN7CKOPEQAF_5479,3
A35PVWSPSWH16I_2073,5
A3HLAVKQEANWP3_21127,5
A1X6NPS275ZGKS_16158,5
A1GRKX99EFHS3C_8795,3
AT3LXU3A66BOQ_9867,5
A3KOMFLNUGQTWZ_8811,5
A2ZHAN3F2ABZN1_4549,2
ARGIK851WHJF4_5554,5
A23VM6TJ5QJUA8_12475,1
A1IX1D5QUM6ZQ6_5556,4
AXMRVTIJKIEC0_17075,3
A2FCLSRJMQB20F_18741,1
ASH07EY7KRVU0_7954,3
A22S7O22IU1N3B_18334,1
A2SWZB0B8TYBA1_2775,4
A3O6DHWU0OW3PD_12707,2
A2W48L5D44LAQ8_22466,1
A922OBI9W2W73_22870,1
A55DWAFXRTZXG_404,5
A3GPISNWREGKIA_12623,1
A29HOQ02CF2UDJ_10630,4
A1E6ZVOM66BK7Q_22965,4
A12CQA5018I3Y3_19560,2
A1M6T1LJ6OCSQS_23130,3
A12NG64J2BCQS7_22554,1
A3FSOSQN8QNYZ3_11597,2
A1TGUHYWXQLGBR_2936,4
A2IVBTJ4LN686V_22404,3
A3SYF5OR2KAOKS_3384,5
A34FXKFLR733NM_13370,1
A3FVMWJJPRE15U_16791,3
A3Q6NUVD5GHPQT_18177,1
A103WYBAWMAA59_18251,2
A8546OC77MSEX_14707,4
A2N8KENWGP8HV0_14122,3
AVUXRVOONT6ZW_6140,5
A1U5BW2WGD6Y2I_2860,2
A16C6BVQTTLHIZ_4341,3
AAVN1O3RMINQL_23958,2
A1I3CIHCDHXJ2C_8839,2
A3T5T1WQOUK5FW_11793,2
A6WHUZTO7V1DD_14573,3
A3PQ7URBN6JY34_23543,2
A1D79P8RIESO8Y_170,5
ACO0WFIX771R9_2998,5
A2QKMKK7EFVOYQ_3491,5
A27IHUP0U9R1B9_11819,1
A591T7Y696C2Q_22788,1
A3IB00J6CM5OLW_12767,3
A3767ISGW1FBXC_5055,5
A335VKPVRMDX0L_20771,1
A17PJY5YTUU799_12451,4
A2D6VDR54FDOK1_5053,5
A2LUAMVMG2QDSQ_8780,3
A8X8D4BUY5DFU_2688,5
A2EEAP46EBTUSP_22496,3
A3LZUPNX06NXHB_8075,5
A38XKUIZMCUNCM_9678,1
A2IPZ12S0NU8C9_20270,4
A2UV8NASPTNGLX_2808,5
A3796QIKD42KKA_12454,3
ATCBBOEYVR37I_19197,1
A115X7RPG5SW1Q_6086,5
A3HRD4DJIA0Y1_14150,3
A3RUG3HTP1Q0L_12301,3
ANPIN95RYM3H_18121,1
A1Y33MJ9XJK0Q6_11659,5
A3IH9JAPOIXMHC_7475,5
A3UAL0PZWVC9UV_16076,3
A267IXCC7UK1HY_14763,4
A3NGL3JD7LQZSQ_8956,1
AVWMM4EQCZFRE_20778,3
AB7D0JCXCAQJX_970,4
A2BZRU1B3DY7BX_10694,1
A1ME2EG5IY57XA_12999,1
A1Y8BMHBRBINCO_19516,3
AH91ZJ8W8NCLR_20115,1
A1PCEE966CENEL_19830,1
AA51AGYDH8WV3_11160,4
A9Q28YTLYREO7_23215,3
AE9NP2WIYTMI9_7606,4
A2266ZZCZ0CXWC_14322,3
A2LMZ9UB8O5GLS_3200,3
A2RSOTIE8SVK0U_1759,5
A1UC06BPQLIKQX_11333,4
A85QLQHMFEKFH_16409,5
A2PUOSS4HF333Z_2569,2
A3UR7B7WTS7LFT_4585,5
A3NO2XWN9ZYV09_12577,4
A1J78ORBV61YQT_10870,3
A5IIE7X9IIJVK_23744,1
A2RW68U4HGRJK2_12751,3
A1ZGS2VHZEPPSM_18569,2
A26A5IQT7OQ2DK_7879,5
A10UB9ZGDDN2QD_18479,2
A3478QRKQDOPQ2_5323,3
A8JOXJ8DSKOQ5_9806,4
A283RV05QVUTVI_2521,4
A3MCE3ZLXB6P4P_13051,1
A17SZSI44O7NMV_4724,3
A23V9JXSA4AYGY_19235,2
AIAL5PZTDQAED_22553,3
AACJUD2Y4DXWV_513,5
A2JD8SHUU5LFV5_10305,4
AOP3TFQXYJO7T_23887,1
A33DIONC1TBKRL_1078,5
A353YDEEILYS6R_18465,3
AYLX5AA3A0BM_21940,1
A3JW5HBDT9Z786_9187,1
A2CDG04L5DV1J7_2436,3
A1T1PKVGMBRPWI_1525,4
A1H87IM9FH0S8W_8883,2
A27NTHPTRXB766_15581,1
A2ERCQZNOZSAXI_18572,1
A1146A7F9D9CZ9_6927,4
A2F9A5L4WGT0EL_7528,4
A27HXKABDH4WJ_1394,5
A19ND6XFXIUVWZ_17306,1
AAZJX2GXEIT50_3124,2
AVR64LFV50CEM_18541,1
A3VBJ9BETTN07V_10855,5
A2VR60EKCYOZD0_14218,3
A19BHC8U77N5O2_16379,3
A3NPGS3PCHPG7S_2709,3
A176XSPJ2Y3T27_5615,5
A2OL2X9S0UL0XY_309,5
A3205HUZYD0MNP_20864,3
A1P8U9DXXW614T_22764,3
AP9WKJ5YFQWWB_15597,5
AQKEGKH6UJ1U2_18110,4
A3F28RI5XMM13W_21173,4
A2ZSU7FJ0TFVDM_12427,5
A2OP2G62XZBXBX_13280,3
A2IO5YOBC39CZ5_3063,5
A32DTCFBBB9WIV_1038,3
A3MMFMSH76ZA96_2641,5
A363N932XRAT4A_9829,4
A2KURLAGE596UA_7400,5
A3L21A8CJ4CUTC_7969,4
A11BSCGB3XPB6_18513,1
A2MPODWDSZB12P_15040,4
AVIF6YESQ5KIM_13304,3
A3PT1WF4F1TV3D_12224,3
A2DGBT7SA6LJWM_21494,3
A392S5MZYVKE0Q_13005,5
A3VHUGZ7WUAZ9N_8759,4
A1PXKDVQ054ZLE_11614,1
AWAW6I6KRPS1L_8271,5
A3JOLTSV6DJWW7_17250,2
A2MACOLU2QFDBA_20308,2
AWH2XX8OK4PCS_6289,5
A2QGLZST7ZYEOJ_21198,4
A1MIIV8W9X09BK_4879,5
A1D4MDXU1J5XXP_17183,3
A13Q6QVKC12C3M_3156,5
AL1ITWCH7W86I_3506,5
A11D7V92J5OVCU_5874,5
A1HJCD42IQQTZA_14109,2
AZ95917EUHXYU_16456,1
A2VFNMQVAEH2T5_561,1
A3H09VQI43K2PJ_9394,3
A4JLLU4RMM673_17555,1
A3B74429DFMXMC_9002,4
A14Q3JI6L5RF7L_17347,1
A7ZHT2BN4BTOH_548,3
A2GL3WLEN1USDG_388,5
A1SQS3N0RV3V6L_13478,2
A16YCLRKOU0EV3_21803,3
A3TZADG4TN659V_17439,4
AHYN0IRP5MB57_216,5
A1YOVA6CC1KQ3O_515,5
A1YMUJ9DW4Z2XC_15986,2
A3OIJJYC52XBTH_22715,2
A2X3MC25JYWPW6_20202,3
ATJF4U8BQZMHG_20897,3
AJNEGTHRLZ24I_22367,3
A168W1XDQRE2IQ_1980,5
A36YNCZFCET19I_12229,5
AUDQVSWXHR0TJ_14942,4
AWBTQUQTTID97_16571,3
A2RH40UADT1MVL_7167,4
A3F8ZSPYLAB794_299,5
A3VEAJT1SKBSKE_4948,2
A1WKTDEV6RF6S1_2227,4
A12KRJSDXG0YC2_7583,2
AJ5O66D1AEKNZ_20666,1
A760GDW52QNDT_4505,5
A3E6T8LK695XUQ_13513,3
A2RGQPYQ9WFS2W_209,5
A1AYZXYC2CXIX4_1589,5
A39D1HG90KX6E7_2435,5
ALZ1ZAUF02QU6_1108,3
A29E6HV2DT7RCI_17168,3
A1JBMCVO7RSXIL_1924,5
A1KD8NJPZ01R37_21030,3
A2U8LVO2VCFX1J_17764,1
A2WZA4NSQBCPDO_6030,4
A6DZTTNLGSDR8_16001,1
A3BFJFJRXMWXAX_17909,4
A1W8KACWQ7BCRK_4586,4
A31EZRZ6NUSMSR_5546,3
A1PWFNIDTZCY08_11540,3
A2EBIAO3YJGMBA_5512,5
A22C7IXLYIH17W_15100,4
AKFM9WXLEU9S4_16075,1
A2LB8VDT59VTP5_22565,1
A1ZHCUGDEOXA98_16011,2
AL5C1AUKDQ8TD_8432,4
A3IE34MBDFKJ53_11061,3
A2CZSPX6EYAN3T_18043,4
A3JH9D4VAIOF8H_16361,4
A1ZB54SC6PYRWN_8052,4
AS9GG6P6JKO3Z_18670,5
A2UT0LMK1CH1CC_12446,4
A1UE22BDYWF17P_7537,4
A2QHJROLDZDL2S_10809,3
A91LE0MPYE8GJ_6428,4
A309Q7UF99S18Y_4994,5
A24U0RKHMX1RVO_9672,4
A17J1LVPIWZIK1_13683,4
A7HD7SGI1R937_18977,4
A2EB6JGRPDY4R4_19137,1
A2XE1LZJ29WSCK_18130,5
APTNKE3AAJK4F_21391,4
A7U81HSVJTF7K_531,4
A186KHJ2HEMJAU_4781,5
A3C86Z091BN3AL_7250,3
A2B9W1KRWF3NAP_18432,5
A2AYEHC9KUBWWG_1498,5
A18U1LZ25ZVWAJ_13563,3
A2FWXX8SLOY9VJ_10253,3
AJHT4T0TINHCQ_12147,3
A2ZFLYB780V69W_6656,5
ALZ2TZ88UAIE3_10493,5
A20EP18MTFZ9F0_22800,1
A8X8D4BUY5DFU_3231,4
A2UKCISVFSV1YV_15270,1
A3JTGRI3VNLCKH_16294,4
AETL2F84RTNM7_16803,4
A2NR38N3QB3JJ2_11784,4
A2EKSOLTKBGWTK_21381,3
A2P3FTETTI44PU_22754,1
A27QYNFPGFZDT8_11772,4
A2XYUG83CCZ4N6_17486,3
A3JVYK8FZTYRZQ_15278,4
A10GP4WUDKHJNE_12473,3
A296A1BJ0W7AM2_9275,4
A1X054KUYG5V_10538,3
A1J03J0HZ7KU5T_18090,1
A267IXCC7UK1HY_7842,2
AEABDCPC35CVP_12996,3
AQFS5PUUINYTA_6701,4
A2ZHB4N06H3JU6_19805,3
A8NQVLIE0QVT4_7949,5
A1KM9J57TJ65TC_15693,3
A1VDL63FYZ3JII_3844,4
A1J2QFNNQLMALE_6226,3
A1QBNXY0NETWKI_23786,1
ADTJ2CZSSN7V4_22806,4
AL0YWOV75HZKL_9934,4
A2M75Q5OAOHAWR_10910,4
A12HFBMIC0J8D6_6844,2
A2TCAP5M1GK5CN_15708,5
AXPH696ZBBOOZ_7111,4
A11SGM6Z9083AD_18312,3
ASDXJTEM64265_22725,1
AQERG0HGDMYL7_6165,3
A10VOEBL5S337W_2384,5
A32ZOSZVX052IJ_1295,5
A2TZ3QWBEZLOSS_19756,3
A1CWC70ZUIJNOU_19823,5
A3VB55B11HVOCZ_12359,3
A36KJYDBSISU8W_8796,4
A2YSGAY63J4A7W_1688,5
A2UYX90M3Z9Y5Q_6241,5
A38Q66OZFRUPSR_17551,2
A1LIHIG05ZT5K3_3029,2
A1M7CK5DI1T89D_12159,4
A34QFZDB8LOT4J_14738,5
A2QI93E2DU7I57_2590,5
A296SUXBMGWDQP_10822,1
A4449WGDKEIC1_6662,4
A10DZEGCHHNJTS_8355,5
A2RPQFS8KA1B6X_23211,2
A2NKO8BSARTXMM_12727,4
A2LVHY1FGKAUCT_4393,5
A7CG8DA3SR97Z_17366,1
A3CYRFIHPO8J5C_18261,1
A2JDWBJ5GYRU65_13648,4
A23IKH0J2U35XJ_13522,1
A2YGHIVY5CZ0N1_18428,1
A2FVQSTJWUBMKZ_1888,5
A5T4AAINRF2QZ_15172,2
A30RCOWI31IC5K_4730,5
A23O4VANP2FSZ5_9854,5
A3RTTZPK3OMTO3_7384,5
A1C078JJGLRS8F_7896,5
A2O894L7GCD6DJ_15516,4
A25SBUFGQY5593_17626,1
A2J64UBTHP31TE_6025,4
A3K1CD85TWVNKO_12335,4
A3OMR4PFH033WE_9826,1
A4X89NM6EOQ9_4889,5
A1WTL5M5PD6ZBV_13377,4
ARBZSHGRSA73K_13642,5
A2ETCT82L8WO0X_10444,1
A8NHN9UPML858_17185,3
AXT9ZOAOK4X9O_12489,5
A1PZ2SGKQ4V0T9_23464,3
AXQLPJ00PEFTX_11285,3
AUFE9JZAY12O1_1536,5
A1OC3ZLKKLZ42O_16240,4
A22NKPV5HCV4LJ_18214,2
A21P8BFX88A9PR_13998,5
AQCZXINY4WERY_20512,1
A2F6S5C738ZANF_5738,5
A37EWN5SS67OOA_19387,1
A2H6SHG6OO9F9K_18242,2
A2O88HFN90MISY_23671,1
AIN8LLM3KBQMF_9016,1
A1J1M1M9NCJ7BI_9846,4
A8E05J4OCUF9S_13551,4
A180L437DJ52VC_7243,4
A13M3WDOEC5D69_17080,1
A31T3VAZKGFMEK_22392,5
A3GHXBXZNZDA9O_9888,5
AM1ABL1W3NX7Y_7762,5
A1TE4IF5XHQ9JD_10507,3
A4PPZNQF1X2IY_19592,3
A24GD68SY12QGZ_18922,3
A3TX8CXYZIPT71_10449,4
A22Q1MA9I8U6OE_18877,1
A3RNC9BGR4J1ZF_7673,5
A2S381PVSUWBEY_9478,3
A2EUL8Q4SAUV6I_16511,5
AWQ3YY5W86K4Q_4591,1
A365VIN0ESABZ8_1849,4
A1562DDZ79BUOD_22585,2
A1I19EHP4W4U50_17686,1
A35TT1SGEOYHPS_7678,5
A2ACVMYXHAMDNW_14383,3
A3BKR3RCAZ7IOX_13181,4
A7CPA6L23CSB4_1449,1
A2XSSBQPK11HF7_8019,4
A1P6YBYL8ECUUA_1595,5
A26YCV25Q02M43_19588,3
AGDVHB8T4SVJZ_14628,4
A461VTLW9G9YB_1100,4
A1GRHM90J8GT0L_19462,1
A125WQNKXGN51G_3306,5
A1JO9ASNRPW2IG_2204,5
A3TKLSDNUYGKFL_6752,4
A3VUF7MR1JR5J4_7886,5
AJZNROJ3BYNT4_512,5
AQMGZH232OM9I_20149,4
A3PMZD8OJPI8M_23644,4
AGJRH529ZYA8Z_1055,5
AVY0FJZ4VFZ3T_3697,5
A25C8U4KMGWQ0V_6176,1
A2GO7AK5SR9VJH_9032,3
A2K0ZFTEY4NXM2_5083,5
ABMT044NB75BX_11342,4
A3B4JP8DDTLQWU_15093,3
A2JONP1A27UTI8_8110,5
A3IQGFCZGQV2JG_7525,4
A3THT5D3S4IYE9_12428,1
A4GSQJBIIWK5I_17430,1
AUMDVFNWLX9PB_13897,3
A2CB67NJBN9C5E_17840,2
A3LQ91UFD0Z59P_15171,4
A9Q28YTLYREO7_9776,2
AL62RH38AMAFO_744,4
AG8D804FUG5Y4_113,5
AKOJXI7735NT0_7297,3
A3NUAU3L04S1X9_4172,3
A1MK02HC440QT8_17329,1
A3ONQ5TKD3SFOM_12879,2
ADGRC6O3AGRQL_17604,2
A3BJG9FJ492KX9_5848,3
AH32KWLLS6IFK_3887,5
A11UNJ6AMPS3NT_11395,1
A2KPX76CNPFHSR_4357,2
A1QUF12XRN4JUR_23785,3
A2WVS6ZYERU4L4_2629,5
AQ6WXOXDZIYCS_12309,1
A195DWIE4V1FMJ_12369,5
A2LB8VDT59VTP5_14697,3
A3L9E0YI7C5G0W_12533,5
A2R7DCFT7S5GGY_12270,5
ABGP4N5RGOHAT_13774,1
A2ZD5F9YX2DR24_22473,3
A2XUNSLMNAZ127_21021,3
A3BQU9CHGZVMY8_4437,5
A1WJNR2ARJTEJ6_5897,5
A3FR77VKS4ZHGA_13397,3
APHEX2PC3SRR9_9407,3
A2QPGGXRKT3PCY_1039,5
A3JT5O8B42LISD_15468,3
A2PJ3GMLLST4KA_2261,5
A1Q4NOA9XJVNC0_1974,4
A36YVUL7GGQVVM_17732,3
AQ2PMHNGIVEV9_2089,4
A1CST0HUAIRPCT_21783,5
A1R2E2FETD8VYU_13883,2
A1EFN6V0F4XT3W_21608,1
A2NRHG6WATR39X_2393,1
A1VJBUCNMP5CEO_18950,2
A2BWABMN9IM4SO_7140,4
A2P64DWIPY4O2_98,5
A2DPWR9GZH5L13_8338,5
A3DXYKQQSRYOP1_12974,1
A11E9SGWWJS3UU_713,5
ACO20QL72D1E6_10098,1
A84K1A2NROW71_15151,4
A1BWW3VMNDQW0_18310,1
A2DHPZWN27CAFQ_1891,1
A2BVV6BUJQW8WI_18478,1
AS0FYLRJPVQSC_14968,1
AK3O2SY6AY679_13612,2
A3FE23YIV31WN6_16818,4
A1Y6ZEC4K6UZ9C_4323,5
A36VUG52K3V2B2_14858,4
A367R3VU46T81P_1823,5
A2WK0N1TJSXQ04_14597,3
A1V8QH0B4LVU38_16723,2
AMKSN0J0ZL2P7_2979,2
A3U8J6HOIYKIFM_16017,1
A15JTJXQXO22JJ_22743,1
A11RPHRCOKEP2O_6730,4
A2MYN8EO0TQTZ_3808,5
AEFTIUQHSVUFX_23562,4
AH4IX03INX4EE_17050,3
A2OPKSGCHMTPB1_22328,4
A5AVTESVS28HI_22660,3
AV979RSVB0ENR_4910,5
A2J9VABNNAF4VG_17585,3
A1KLLGG6QSPGUG_18766,4
A3ELZ8KNK9SWM5_6624,4
A2ET72HKBVYK5B_16563,3
ABBS8XHIIWT1A_17945,1
A1M77L346AP9VV_2023,5
AHSURIAA1LGK2_3676,5
AWSEYQG3OWG0H_18486,5
A1LK03QPWLVTGM_2559,5
A73ONR4EAQTEB_22903,1
A34W7VYC00YVOL_17307,2
A2UZXIBPYL9HDR_14639,4
A2UK56VJ4F2RAK_17219,4
A2580QS6AHEW7U_2682,1
A561KMQ9HFY96_19523,3
AVDN59PN4ILNJ_8108,3
A2QTSBRRLU72X6_7156,1
A2MY0K12CMKRDM_17613,3
A9ZT45HWV8N9D_15428,3
A3503JP9UTS9L7_17997,1
ARFP7DXIYEF35_13626,4
A2B9W1KRWF3NAP_12242,5
A3PNBWMORP8F5X_19848,3
A3QHH1ZV5S5LNI_14908,5
A15DLTUORTDFZJ_5019,4
A3DKHGGRX8DYMI_15669,3
A2ZPPR9I51TQMA_4376,5
A1HE70Y2W2W31X_7180,3
A2QGIE0C1A8GR2_7236,5
A2W4VLO3ED2Y4X_20140,3
A1LPLVNYE5UV69_12043,5
A1UUNS9AD26XBG_21410,4
A2HNLYN3B09ZG9_21405,1
A1G4P854040UM7_3847,5
A8MWGEB5XEOF6_10190,1
AX4J292K853AQ_16466,5
A1R0CIANV1EPK4_13284,4
A2IUAT0NF7OVTC_21678,2
A36PA6MRTVYQ05_10053,3
A3RGMYN9CBTLP7_15250,3
AW7S4B6Q5DM2N_3873,5
A36R9QQYU1DBF5_2035,5
AR5QAUDUA87SQ_7743,5
A15NQIJ8G9LZ4W_11781,5
A2QNVKB5572YR3_8570,4
A2K95026HZM4FQ_374,4
A353Z3YZ5Y5DY_18772,3
AI4J4FPOBVTQ7_19086,4
A1VVWPST3PAWUJ_9894,1
A25RRV5IEQ8VMY_22439,2
ALYM2RME80UAL_23917,2
AAK20WWGOPUNB_14638,2
A20O1BGH7AA2BV_7717,5
A1NI0VOVXZBM7Y_12568,4
A3OSPEVG76NLJ0_8545,3
A17LR9UBP5CRHP_223,5
AUKQWDUHES7PF_8128,5
A2QM6ICCAHG9R1_10603,1
AXHZLW3NY6LDG_21459,1
AFEXWVSX04SI_4607,5
AZOW89D0NXMUT_6054,3
A2W1I2HVM1ZUT1_3125,4
A1O1UW4P6437ZO_13134,1
A3QA84MKOAMO9O_2842,4
A2X02RWQ8RFYUW_21904,3
A3G7H3T2FZPXFJ_16884,1
A3OOOEZBEKMGKE_23559,1
A3PEVPXZWVPFPV_13287,1
A26N0LD01F9LHO_20929,1
A3CDOHU96HPKA5_20019,3
A3B19TF8BF7Z4K_5750,5
A328C453PXKJ8B_6329,5
A1RQH4T89Y3A2K_18605,2
A1IS57EEN8JGT4_9667,5
A1EP7QM8VCFW81_11046,5
A1H4NDRC787JAP_461,2
A90ER724KRNN_6101,5
A3TAJK8NHVE3J_8430,4
ADCNVR02KHNZ8_21243,2
ASOUMMJO9S3M5_15037,3
A37QSOVKGPY9TZ_21594,3
A2PFOKV9W9BXWJ_10835,5
A1ZYETNHGDUY8E_3691,5
A3TLXTXD8PHVIF_6318,5
A32L4XEPPXTW1E_8940,2
A1IG8EPARK4HNM_15336,1
A27ZZVZ5GQ65HI_16522,2
A7MJHIU2YPCFA_4397,5
A1O2GJF5MOTLQF_16184,5
A3LVGDZX6XQBC2_17180,2
A1ZF7A69FMGBUD_17802,3
A58764FGNW2DR_21014,3
A1C3Z0YG6KJ9FP_14888,3
A2LZ7NKENSECA1_9324,5
A3EEHAIAB1O0KA_10978,5
A1T4B1N0LJMAVG_3516,1
A3XFJDMRPM37O_19751,2
A269Y1CVKD1DZL_18610,3
A1E9M48G2358DW_9777,3
A3MGWN066NOFDZ_303,4
AMB8HJY1YFEC6_1227,4
A3IK0M7CRXRQG5_9485,3
A1DCOL3ANWTGKW_6105,5
A2WPRFT3JUQ6U3_16232,3
A2XKRTDDV4JCRN_13008,4
A2016LURVI9FS_1190,5
A3I7FK2S7BTEWW_5760,5
AJXPU0XOW4B2S_13693,5
A3U4HT2D0AGPTT_22751,3
A3TFZ3SALUMEUL_1222,3
ABQR5ZDH37TFE_17535,3
A3MOJSA8HC2BIF_7609,5
A2KWMEQ4EO0RX2_18813,1
AAP1JDX401YTC_21374,3
AR9BKHMMNI62Z_2931,5
ABO0PB16GMPNW_1938,5
A139R1VPHUMTEO_23134,3
AT2RN15SYB0KK_9352,2
A24YEQSCZIO1TM_10524,3
AYWSFRCIMOAYE_9412,3
A4Z3XZW4SIE32_6535,1
A359E0BH27GP7Q_21316,3
A3MJOVF3SEYAB7_15645,4
A3QSTIHCISMTL3_15587,4
A3O0QU9M0GQOG2_21393,3
A20568D9GRC08W_13333,4
A1KALHQD4LWAKO_5175,5
A3L044JLWY92WI_23706,1
A14U42QUWC9HBR_169,5
A37UJFECZS0ZNM_4504,5
A11T18BLTSAJ6M_23091,5
A3PS8H6NYE037T_15479,1
A1XVBYSHN5HYXR_10823,4
A2VHIP7PR1B61Y_13543,4
A3OQ1OATK5FQ04_3283,5
A2LEO2H9ZQAI1W_1720,5
AGYQERG3OEPR8_7629,5
A1ZDTIVZA9R8G4_20904,1
A2QU9JG7KQWAIO_7394,2
A179D8LPMCGP9W_17401,1
A1SZO00HH7XD3H_1663,5
AMQDC2C0A9F18_7944,5
ABDAIWBQS362P_7840,1
AA6UX9H3CKO59_19229,3
A35HGQBLSG7XRJ_20174,1
A1NURAG6OMQ4L9_3579,5
A2L7XA4B5MTPDT_4498,5
A10SRQGTNLE957_8900,3
AS7CWNEYCALMY_18416,4
A36C1AC79655QU_8884,4
AE4WCVUWS70HC_22840,1
A21RF1ENTVPM9C_6621,5
A3GH786WSGN0Q8_7011,5
AOBJJ7EFHWSCA_15698,4
A3A3U4V4Y3M3L1_8403,3
A3AJSON8SXXBX5_14495,4
A3AXIVYKIA642N_11349,3
A33JNOJGYC1ZVR_2589,3
ABVO9ZVBYRB6A_22431,3
A2N5YDI1V4GU2P_1378,5
A1E2VCK48GIFZ3_9517,2
AVXYGPXPUG88H_4799,4
A32DTCFBBB9WIV_22838,1
A2F1P8F8I5B1ZO_12928,4
ADNLG53C3W0EG_12441,5
A3M4FAZ29WK4WU_17799,4
A1W8KACWQ7BCRK_18791,3
A261ZLNLNRU6SD_3993,5
A2CF10QQVLBTLI_9430,4
A281XUNV59DHVK_8960,1
A2W39GGRWSFU7K_18366,2
A2HSM08XTMUKO3_11429,3
A1UD8BODQ1P8TL_15722,3
AATXRNK8U1XHD_21789,1
A25K9NC6TSW0JZ_16023,3
A2GT89YH31GLWC_6792,3
AN2N97XEH04S2_9470,3
A20ZPKPVFOFH0H_9752,3
A2RC88M5FS2WX5_7368,4
A9KTGMFIM2V49_9781,4
A1GD1G8XXPRYQ8_18287,2
A2J7IA24KAAJ03_9142,5
ASNRLMM0DORFO_8077,5
A15S6MWFAZVDY4_23937,2
A3551HVDHA2NPY_15865,3
A2VJE4JXC3KIWH_19990,1
A2Z9I19GOW3O1U_8662,4
A1AHWIJ7HSYSVL_21079,4
A3FEX9SZ1CZIZ7_23732,5
A36DKZXJ0WUVMB_17900,3
AZULZL885KZ71_11217,2
A7RI661VKFJGW_17469,1
A1RBUJPWZ4RHIM_15062,5
A2HOFULXES0ERQ_5674,5
A1H41G83KM6JH7_10281,5
A7JAVM3JDL7BG_12347,5
A1Z3MZXD1V0TFT_17218,1
A3TF01UB2MJ5QB_15675,5
A2JUFRAQPBY263_10651,1
A2UL4EJ30U6FAC_23558,3
A3OWWWFSDOD5AC_6794,5
A2OHXPMYNHP1N3_16996,4
A351NB8VZHU0SN_4524,5
ARBJ2KTHX1WCL_23317,2
A4T5G02Z1XNBF_15453,2
AXSES4EXE179H_20036,1
A1SWLQMDCKOZHU_16443,2
A3TJ9NCZKS46LL_13447,3
A2U97DWUJICZHX_6681,5
A3MTVI686NPUV_13531,4
A3UL00RH3B9MMC_4962,1
A37BTY4CMCORUL_13722,5
A1YIDHEPVCBOI6_10279,4
A82Q2SP65Y14X_14451,1
A2KZRBAX8FE75Q_620,5
A3I9R5ORZHUMFA_6251,5
A1T2KGH07IV3XE_3601,5
A34JCWMB67UIIK_18761,1
A1IC3X0EW86EUZ_1034,5
A2RT3ALS62WES1_7936,3
A1A6DECQAWS54O_4842,5
AV1KYJXHOWPMD_22321,3
A94QJ3Z8G7936_20307,3
A1CLEK0B5C7UIW_20611,1
A1XZLFKL7AR25R_17178,5
A3NJBBW8WYUTB1_5587,5
A9MR81J2M63FF_15743,5
A204YSQQXSZ6QS_19120,3
A3RQ7O1QKLNCI6_1682,1
AFEQG2A7K9V6F_7456,5
A2CT3GSDKWME0B_18927,1
AG5AT27MGW5V0_18955,4
AU0A69I7CGRF8_21482,1
A1Z3ZQE7IRTKUE_8700,4
A5122RHVY7QMD_15551,5
AR76PUQUF023T_19559,4
A25EVUQYJ5B40T_22059,1
A2WYC9GANC4JC2_20619,3
AJWZ3KPP9DTAG_10081,2
A342MAAR9XCEG6_19126,2
A2SQQEBFON8DN4_13649,1
A3SRURTVIMSVO_3591,5
A2Q420FBJ6UNAO_10854,4
A2KWTGTH249Y58_12070,4
A3O8N35W0F6ZP7_545,3
A230KTXI62MSYU_15561,5
A146TY3Q5Y95QE_9823,2
A3B167OS0BI0RN_18445,1
AEEYOXJ3BYWOC_16051,3
A3QEL7WYBR8WXB_17443,1
A1GGCD668RKK84_16702,4
A2R9CQUBXWK7WP_16623,5
A2GGE373E69OYJ_11022,2
A1BVUIQFPKWEZE_19455,3
A1KER696C6CSDQ_9805,4
A6FH8LMP30NYJ_20201,3
A3UL5EQ5FKVK2O_12876,4
A19WUIBB4UH92D_23528,3
A1A8BHFVJFJOC8_10437,4
AN4UGECMFIEUG_20089,2
A17V9GK7J63NIN_10746,3
AWJLPT74JQALE_22612,1
A170DUI1VKRPCQ_16892,4
AYCEJK425WK3Q_19865,3
AIBAYOIGYDQDZ_4880,5
A3EFT3OMWYR0C2_14974,5
A2RE8SSA94GWW9_17017,5
A33NMLHEVU1FT0_15523,1
A2WZ0PLRB89VDG_22278,1
A22UN4KOSQ4K8W_4490,5
A2MD9AL0CBAUOW_1275,1
AELXRFUOBKUYM_1484,3
A2VA5AH4YCFB77_23248,3
A1V176RDEFNDXO_16386,4
A3L0ETU7FVIPV9_13152,2
ASMZR17QAI82W_16682,5
A3C4TNPDQXC48S_21911,2
A374HQESYR9N5Q_6522,3
AGGPXI0SS9GUK_4727,4
AVKFH4H4GBU5K_11980,5
A3UZ44WYSHU7GT_18279,4
A26RKIQHBBR8OP_11111,3
A1SZPVDMQGSWX5_12228,4
A16E3JYBOQT0HQ_12907,4
A2BJT63CP6QJ0Y_3168,3
A3KZV2BYMS7HGO_4216,3
A2RI2906M3N0N8_3893,4
A3EBQORE3ZS29V_20022,1
A27EB7VJYKX09P_22797,5
A1UPQKV2I92Z00_9165,4
A1BL65ZJPWJW5J_18017,3
AFX3Q6G3IZNX2_14757,5
A1ATGE991ELK0U_16523,4
A3AZ2RTIGMNONZ_12659,5
A2XMY20IDZW29_2409,4
A2QFX8XTIOLDH4_9456,4
A1MOCNP2U0Y193_23589,2
A225KN1Y2I7DFO_11879,3
A11IZDVGUBA7UY_6378,5
AAM5BCE9FZVAJ_18409,3
A1LPI4XRNUR0T6_18686,1
A3V1P580Y1HG6B_1676,3
A4B90YSK5IAKM_13126,3
A1863FWX3KULDN_1482,5
A2418ZET66CQ0N_11991,3
A3VCFT79MUHD95_13213,4
A3NLRA0IECQQLA_22646,1
A2HVIFUBKOD3P4_23592,3
A1BEB85K72UXXC_4388,5
A1PP7GQZPE9UQ6_14120,4
A2S4Y1150E6R44_3522,5
A3MIZBAZL7GK4Y_267,3
A1ZR99J533EP28_17586,2
A2GR51JVMT8W9M_9363,4
A30L0M4KXJB7AD_15420,4
AM1AYVW1H6978_21438,1
AQYJJT1KAU0XG_19579,3
A3TI4QL8DJ1G3F_16216,4
A17NFLRFTMYXF5_9219,5
A19IA5TGSKNGK3_1656,5
ARXLHOKV7FKU4_1594,5
A3J5WEY9BS9EFA_11563,4
A87EE8ATYDNM0_19115,1
A1TVB13B840NLB_22382,1
A3CNT2OYO63E3N_7888,4
A1J03J0HZ7KU5T_23626,3
A25B3JOTYPRCX2_16562,4
A1VZ0SF3WGAHIY_12885,4
A8J8IBIAGVU9E_2950,5
A1IL9EYL8SKSPT_759,3
A38Z5O4NC3TY68_16297,4
A1B04MLSX8DDPX_10110,4
A55DWAFXRTZXG_16343,4
AIN84UNXQUFLK_15296,4
A65GUVCKEE1OQ_16866,5
A3PHK2TCCQUZA9_16327,1
A2M7BMDU8BPXYN_5221,5
A3HWGTXNO2O86J_6220,4
A2P8KWORWYXAK7_10247,3
A1PJ4J7GT1S922_18929,3
A1TO73YGBQI22N_10729,3
A3T11TPKHWDAM9_5233,5
A3RXUJEXGQAY01_8135,5
AZQJGDWARL3RR_13701,2
A1CJ6H6DX29CYJ_20164,3
A3DMRDLKIYZZQ_12587,1
A3BYH766PIVYQN_9509,4
AO183BO716QPM_1658,3
A2DDTUI89WU46R_3172,3
A84DE8IMXPBIO_4616,5
A3ESBOJZO2LND5_23772,1
AQIC5TTPYE1GU_14732,4
A13KSREATWADOY_8764,5
A3HBFR2WS99QRR_4014,5
A2P7AJYPFTPFB_15285,1
A1Z0FQGEPV017X_7921,5
A2UIC7PEU00WEM_10456,3
A15QA95CCXW0KV_3479,5
A26HD3S38PLD5A_21844,1
A1UCSWDY9MRISV_16874,3
A2XSSBQPK11HF7_22586,4
A2JSZ6OR4MRXD9_4284,4
A4J68LHP32KSV_22463,2
A2DYS4DQVGV6HD_11317,3
A12P88IYXI7PET_10463,5
A2G71M4HFFPJJN_10242,4
A3MP8YCQR1E4TP_4707,4
AE8WGKCWO9XYX_23424,1
A2H4ZVN88CTHH2_11147,3
A1WWVWVTFUBR7N_6685,4
AERD0XWMBC85L_15218,4
A34H7116KZNV9V_15867,4
A4CQ3DS64W0IB_13619,2
A2JXHZGJGT9TUG_14404,3
A2Z9XBCYT3AHHU_5179,2
A1VYWOLFR6Q8EK_1963,4
AMRM550MOW37G_2391,1
AYVJ8QOHILYKF_14861,3
ASSOCRBJ21S8W_9746,4
A1XFMKIVQ6F8AH_23432,4
A1DO9YUO966WMJ_23995,5
A1E2G7QGYYI01A_15825,4
AHH71RCFRXFRZ_22718,3
AWBXDSNVRS7C0_21034,3
A1M5QXZZFND5WU_9491,3
A2W1M32DLB3N7U_23552,1
A2AUKCM1DZ43HU_20550,4
A2OEP4HB1CKIJO_16319,5
A1BB7TD2AROT86_992,1
A201ME99SRHE2J_20938,4
A36M2UGDTQRD4J_22294,3
A28ZOKMGSS3HI_21995,3
A1WBKV2G2JW27A_18747,3
A2D582F1IQWR21_6907,5
A3GXDSPW5M3M6V_21336,3
A14CJR4X9I1EOY_8672,4
A1ZWZJV1HG5FXK_18899,3
A5758KLH61UFO_21019,4
A3SORJTNKR1M0P_1489,5
A1N7Z6RBVRNIWL_2661,5
A3R581WU0C9AL4_929,4
A329TTW9VJ2NBU_1349,5
A2GU8NOZNB2TYN_18468,3
AWK0BPMWTT67Q_11063,3
A3L3B81RJIDO56_19829,3
A1BN3HHI0RDVBE_20462,2
A17FOO11117ZTG_21585,2
ABV16WJAFJKRB_5609,5
ACWIC6O5LOQ4J_5052,3
A1FZDRHPU6D97Y_19026,1
A2ZVJ63VUZ7NMY_19392,1
A3EVTMHL9S7SII_5525,5
ASH3M4K3BQKZ7_23839,1
A1BV7JS2VQUANN_16468,5
A33F8ZLBK7WWD9_3061,5
A2ZKWQIUE2WADB_17481,1
A2MQHXIHBCKOQP_20133,1
A27GPJT0W01AW8_22235,2
A2ZA9XBHQHDZBG_20480,1
A3MHNBAOJBPQK7_4101,4
A3QDX8RSDPN63X_8993,2
ADIC3G6FM7RQA_22882,3
A3B9IKUWO3SHCE_20809,5
A13JU88JAHN72I_6432,5
A3TOVM0W2JTIUP_8211,5
A2C8B5QS3DQN2F_2584,2
A2JL9CQ1WS2H4R_9307,3
A1CLRMKWODHFOP_17003,2
A2PDJ2HW1POY3N_11338,5
A2AZ2U9KAEHZ2Z_7388,4
A3B2WSZZXJCQJ9_10572,5
A2DDQKF5WAV9UK_5307,4
AJTYT3E0J93Q6_5395,5
AI5ZTUO61FFHV_9965,4
A2ZPY6PG49XBVV_5014,3
AZFIDM38RSZ8Y_16977,3
A175568XQZJQ63_4068,5
AWCX1MPM94R1A_1815,5
A32ZIRX9BR6462_23665,3
AJSXRK0JK6597_14176,1
A2WM0PZF0B9G20_4228,5
A2QRSXK9CVQFC5_5962,3
A262AEAYVUFS3U_19260,2
A1E9R06OUKT7Q4_20964,1
A2AT3GFVBECPNB_18065,1
A3EHWUSR1HN6BC_4205,4
A35GNQK1DC7WXU_11289,4
A16MELC0WCMA05_16952,2
A3CN2KXSYK5HSX_15264,1
AA72EBZMRGTL3_14744,5
A2X7OB7TYQC7B7_2430,2
A385TUBQAM6FPE_21048,1
A1BBRNLK60QEQZ_10388,5
ASA4ECJJKPSY2_4106,3
AIPVAK1J3HDQL_2416,3
A3KIJ8OUHXKH2A_18838,3
A3VEECFGJ48PR6_13416,1
A3JZCYUUISJS1M_22826,3
A1AICS6EH5R6Q7_17225,3
ATJF5QEVNMWIL_15684,1
A3UFMOU6C5PHJX_22573,4
A1V0JMSCQHBNYY_23450,5
A5NWYXK1GUJVL_2154,4
A3R0GAPLY5I6W0_2825,5
A27F0SZMT9YSIP_20052,4
A3AIT2IO5NEPZC_4252,5
A21PPESP3TDNKB_18076,2
AEWAQ2Z2U4MG1_23286,3
AGNLZRSMX0PEC_12088,3
A2BROTSVAZX3SK_18752,3
A3PNR8PMRT6NU4_18154,1
A3DH16S0PWV7YL_23936,1
A1WJ7NAZLH1X8Q_861,5
A144W50UYZG4YX_16188,1
A1MJIUA9AFSN4C_23529,1
A1JFNZ4UAMEZN3_4550,3
A17UJP1K6IZKXK_6585,3
ASGR853HDOHGJ_23368,4
A3BJGCJRYQOUI2_23252,1
AYYOPF6RG019D_16670,3
ASDA50O3BE3L8_11845,3
A1I2479E5WINN_5704,5
A2316EWUBDVNSC_20896,3
A3KK625F8JFB22_5161,5
A2JZRRBOV7QOUQ_9828,1
A3RSIK5G8DPELD_9514,2
A2TZBG6KSJYWAM_17765,2
A2B9W1KRWF3NAP_18022,2
A22JYJRVBHK4OF_2127,5
A2PF0G45I2OH5O_11384,1
A33606ENKITHQI_10472,4
A2CL818RN52NWN_2876,4
A3OOQMPQSKHEI4_14585,3
A24MW3TBPWZL3N_5657,5
AX1ERS194HOHL_14812,3
ADKNIULLR0Q7G_2426,3
AMHLRPLTM9ICP_4447,5
A3O1U241CMHGH6_4018,5
A2DVLOW84FJBRL_6559,4
A3LUJ8N9XO3O4E_16095,3
A2MKOFBEJAJ4ER_9357,3
A3QRYJN05B1Y57_20049,3
A33GDICI8Y91P0_7031,5
A3KJBPJ0T0MNPS_14623,4
A2CDM084DH8GXP_8529,3
A3FREW57175PQJ_8577,4
ALSCXARLASS9V_3858,5
A2P2EJ6SG8PAK8_18404,3
A1NCCOWNCDPEQ9_12680,2
A1FCZNWXMB786V_16965,3
A2JX9AMQV8BYK_16352,3
A31MLYOLILAC5B_6096,5
A2PL5TVNOIQE1W_849,5
A3DYHILYT2VP22_23965,1
A3MQ653OI8VLHO_8179,5
A2A0XJ3X2TNIGF_9132,3
A20HM0K71KQ5M6_21284,2
A3RK1Y6G71Q4N8_10301,4
A34U2D7T6WYW0P_13042,4
A2JT3HOTYUDO88_12024,4
AWF2S3UNW9UA0_17349,4
A1C96JTJ3U8FAH_4511,5
A332OQ8I24CBQI_18806,3
ASB3B2APNPQDB_2519,5
A3B9XTIDLP6BKN_14547,2
A1FLC7E3UD2368_12190,3
A3CA2NQOM07KEF_12155,3
A1RI8DHBPU0GYA_14743,5
A2PAWMGNOAULRU_5027,5
A200D8BOPMR35S_19827,3
A2V4JTT9869R9R_1061,4
AOG975LXYLX3D_18587,3
A3CNI9ZHUI9YYG_12545,5
AVM8U1UF1QZ8X_11866,3
AH4CT4E2PIAP2_12003,3
AUDWW68X0D05A_21140,1
A2P7K1SPPKXPO4_7733,5
A21XW0T5J0DJN9_2203,4
AZJRZOV6S0KVD_22815,4
A1ZMF0VD4OCJ8I_1140,3
ATOUXR3SKN2FZ_23606,3
A34JI9GIAY1RW3_19908,1
AVUXRVOONT6ZW_4678,5
A1FXZ7D3Y1YY2L_22505,3
A1A70N8S4PV1RF_23858,2
A3Q8V6U8FVUEDQ_16812,2
AVMJ2BIDJELNP_11904,3
A14TE5UGFDZK48_13310,3
A2JD9YDHLC76IB_20890,1
A2MLC8U8LI23PI_2458,4
A1AQP0G52WQWFS_1879,5
A3IZDNJ7GLXU1I_22564,2
A2HFUTS4EY4WNW_8996,1
AEZTBGFFJ9EU2_14252,5
A246DKCLS8HEC7_20147,1
AE9NP2WIYTMI9_11552,4
A10WJV7C3EBXL0_1387,5
A1BMUQKIE2RF5N_14651,3
A12Y2KYDLUNYSY_11519,1
A11D7CWIQKUA19_14545,3
A3B0P37JWHUSUG_5460,3
A3SH4KS7QRYIQI_13962,4
A1V0SEW07QEJAO_19746,3
A2KTCWDHTZ2IRI_23354,1
A2EX1F7DFNK6G_10043,4
A1ABU8BNR8ZH4B_9687,4
AJWEHPJZJQCFV_21657,2
AUFPSBARLMR7I_10745,1
A3V82CSUHLC627_2623,3
A33GIZIIQ9Z9WJ_22074,1
A2WXEIMS9ERFJE_10525,2
AGMLLSL26JB5C_9626,4
A1I0POKBMICMQM_17874,4
A14JKRCGSG1XYV_5913,5
A2WX459OYASGZ0_19741,1
A1FSOQ9SPVOK8S_14110,4
AFEZZWNH0IWKV_2586,5
A3QY0GOCOZL37P_13910,5
A23TZA1A9QKW5R_2707,4
A3QSX8JIC3XIR4_8739,3
A1JG5E0N4984ZC_17015,3
A2CXB895A3UU1U_12037,4
A2Q1U9NQSPVZHK_16302,3
A24VX2MY56W0YG_16259,3
AH6972QIUGL21_6121,4
A3L1R3UV7G1X06_11109,3
A3HBMULPLH5CLI_12669,3
AMRRLOM3XFSXX_14409,3
A2PEODRM2OQJ88_13107,4
A2VFIOS5CQD4U7_14318,5
ARX8S89SX7FQ9_12059,3
AVFHUBXRKA59M_4078,5
A1ITL5C99D1KK7_8952,3
A1DT0M5HF1ZV4M_10876,2
A36ESXJM2QJ0JG_21487,4
A3CFY5835FLEOI_1566,5
A377F7RMYZY8IE_11697,5
A139F75WM7CXPI_9375,1
A9N6OLBXI52X6_6262,5
ARKZ0LC797F9I_21197,3
A2V964D025M425_1199,4
A2XPNVETZP4TG5_8300,2
A7NG1G3X9DLRQ_15512,4
A20Y224WRCNFTH_17794,3
A298QR67XCMFRY_13049,3
A3J1A5O13D0P7E_16888,1
AELBTXV0OF9I9_10160,4
A3LCEH26D48N2I_10341,5
A3AMAD9BEPID38_1373,5
A35R82JP5RIJKZ_6536,5
A2CW8Q0OF3VXZ3_1435,3
A2X3W7V16IEH4P_6605,5
A2ZHSORK1HHYTT_9615,4
A3FAWECKLTI46L_1211,2
A14OINOL81CSM_14997,5
A2VG8XM4TJQCOS_2067,5
A37AJLEEERBYPT_4418,5
A2WIU78SNJEUTE_5972,5
A2QO25UC5XYJWJ_20700,2
A34Y9CIRYLDD2I_15680,5
ANDZLSFNII2EW_15224,5
A2BZ0DVSVFZ7L8_5737,5
A186113ZDR3UWO_21063,1
ACMO36KT4IMBN_22798,2
A3J4GX5IY716PR_17891,5
AMI7BBFYZ7VUR_22693,1
A3LHU62NTEWZKB_1452,4
A2RD0HCFOVZJYI_4371,4
A2FXMI7RZQ8R3H_10895,4
A1KMCGJO2DHSDG_19067,1
AQ8SX9HLM8KFW_3396,4
A1HG8JGO5FRYVV_22683,4
A3139J3877Y61F_21531,3
A1F9VCDD6O60QM_7901,5
A2QKBP9MTIYCLH_11298,3
A10E5B6WI9GUM3_2213,5
A2B9NGZPJRM3BG_11701,2
A2X1GAG992U22_532,4
A2SO80MI0U1JUF_8311,5
A1K0UT3GA4QQG5_12232,3
A167W33DXLCQOR_12677,1
A2ZOOT9IT4U4KZ_20829,1
A30Q2ZBZFAS6QW_1426,4
A6BY9TQXLYK3B_15405,3
A2MUY5FHJN4E85_12794,4
AM54D10X2VA2_666,4
A28ILQ1UPL7K5Z_18158,1
A2OIFAAO13Y7XI_16633,4
A13V7OWOMYYA6J_22230,2
A2MF0N72JVXDAP_17828,3
AOO88G2LUYSAB_17237,4
A24V5HBA2AC7AD_2217,4
A1IBG0W7OUGY81_11816,1
A27971Q20YCZA4_17153,4
A201RUSH8UE2IO_23142,2
A23HSY7PY7MKQ6_21896,1
A3KWFH1C5U7E7V_21770,4
A3SZA4U5QIMI1M_6137,5
A7DFI5YOVP5M7_13650,3
A2ZMZ4MXVW4KK9_18699,5
A2KGQJWZ5HES4M_7882,5
A1SEJQQTN6H9IV_11561,4
A2M1KBH07BNFHO_20146,3
AKJYMFM3FWB58_51,5
A3DBHQ8H61QSX9_14065,3
AIP4HAQV58SD6_9544,3
A2YCZ8T1X2FBV9_4704,5
AYRIN6TGLRCY9_7927,4
A20I10EXAI7DPR_18843,1
A10E1BCLDEVGSH_16887,4
A11H1H0LX1JI7R_20707,2
A3MRZE1XUK2A8X_538,4
A1N0LCPR7O7OLL_17565,3
A2AJ57CG4T153E_19553,4
A20SWWOBXWNQ5H_16378,4
AWR8FCOOJ7SX4_3632,5
A1P7EE892UBLA6_2058,5
A1AVYDDFRNZ3G0_14978,1
A26TZWLPUXPKQH_20408,4
A290DD3N1ZDR0K_23822,1
A101KWKRNNUG5B_13756,1
A1E30G9O4132Z6_7813,5
AAA9VK0SBM22D_1564,4
A269MVERAGGFGY_3992,2
A2BQBRRKDUJAE6_9868,5
A3L3XPNEH2OBJY_7786,5
A1XR2AG68VN0CZ_23004,3
AZT3AX3A4O809_3643,2
AII2LU9BZ10NV_13869,3
A186T7M8IRYBWQ_17294,2
AYJ70UU6MYCPM_22886,3
A1TLPN4IZPSH79_17983,1
A3KLCBF2T6OLT0_4899,5
AJ3BK8AVZ6DME_7066,5
A3M2P9WPJWQG5T_8386,3
A2U8DXUZVRFEUO_622,5
A1T1BB2KVPU39Y_2596,5
A1QNGKV688Q8TE_172,5
A3BT6ZTOCWNHCF_20163,1
A30GXWRZ214GE4_14699,3
A2K2GSY6ZCYBM8_15371,5
A3FU4UD3Q105YB_4547,5
A2ZSSYBY6OSB72_15481,3
A2P95O5ACOF9EI_9400,5
A3IBEQ99CAI5JM_1255,5
A2NJPYDDCWCLDX_4508,5
A19DIUGM082WUC_4785,5
A15WH5MB0JS30J_10986,4
A29OYAXNBT0OMW_21297,3
A15XGE8SPTTSFF_3246,5
A32YGX2KSVGFVP_10442,3
A1GSJ4TMAE2MYC_923,5
A1Y6J5OJVOHTKG_7357,4
A1YUBY4IO8EGYN_12285,5
A23QV5649GBRNX_2674,3
A1K4JR4U3TKTHV_12653,2
A17FDL5LIGS1U0_7725,5
A1KL1DO76ZOECJ_12253,1
A22LWMO1S8ZQWO_16449,4
A29U2JAAFVHT2P_12991,4
A38ZGTG2NA310Y_1745,5
AW4217138S10T_13595,5
A1I7110J3IM9DZ_873,5
A23SSHQJCD1CPV_11455,1
A2EBIAO3YJGMBA_14782,4
AKOEC3VYFSCTF_7275,3
A3R2V2EWE2D35R_3005,5
A36UOGZTRFEZ92_14335,3
A2PL5TVNOIQE1W_23399,3
AMS8CB113XYIL_16821,3
AFHX0CITLH3BB_14723,5
A2XDCYA8763WSY_8938,4
A2F9G63C1PJZOM_5253,5
ANGGNFE8DXGYC_2748,4
A3AO401ZZXT1NS_9340,4
A3VUG0LK7L12EG_4085,5
A6EKCSZ2XWDGV_16905,3
A3TMBJ0JAGCJQJ_23072,1
A3UWM2JGOASDI4_18171,1
ABQR5ZDH37TFE_12163,4
A3I5WEFXRDWDO3_15747,5
A1C7BNGSZB6K2F_21010,3
A3JG5LIZFCTRT4_1709,5
A1W8KACWQ7BCRK_8192,4
A2XZMS632R68M1_4535,2
A1SQS3N0RV3V6L_19813,2
A1R3SSPL58RXAN_6543,4
A1BIIR2Y91WO6F_5310,2
A38DAPX1PSS5MF_13718,1
A2EHBVLT0LOTXC_17283,3
A4LDLBSTWDUBK_16479,3
A3L9E0YI7C5G0W_12513,1
A19DTI38G8BRNI_9233,3
A37O1NA2JZL3VB_23272,1
AQAZIKYTCED37_14437,4
AYD6Z2EO6ZE28_18691,3
A22RY8N8CNDF3A_12053,1
A24W772SLAVT6J_6357,5
A31VYFJN38A8QI_15368,4
AWGP22MVEXQVP_10140,4
A3G72G1NWSMS31_7837,4
AH0FYWRY8DCCN_17498,2
A3RZP97E7UD28K_7667,5
A25KW7SOA78XAQ_14710,5
A65GUVCKEE1OQ_9336,4
AJDJV18FKOVQX_20007,2
A2F5UZ7VZDORAR_14555,3
A3KILLZE5EUFH0_7783,5
A1YAS74J0T42FY_11937,1
A1EBSIFGF0OCAX_13463,1
A1VBZF7PWABPGW_1431,5
A2Z2BSFKQT5IEM_14341,4
A1TJRU70870HCT_5424,5
A28YK7V9AJO0AI_20471,1
A3PC2Y2CY3ST2C_5925,1
A3E7S0M42G1JC0_5316,5
A16J6HOBIC1A3M_5054,3
A1TRF7YIT5HT7Q_12344,2
A1Z66WYC32ZUSX_19570,3
A2ISI5QWQRFPXX_4294,3
A1CN60TRXFWGUO_20251,3
A3CLQZ22LQZOUX_11035,1
AIXWU9UK6WQUY_22361,1
A6F8PI0O7E789_1236,2
A2FK9X0TX8Z8T1_17253,1
A29TX0495VMKN3_17687,3
AOWZQAE1TO0IA_23821,1
A3RVDXHXWXI6K4_3314,4
AQ3UBU5VV74CB_9692,5
AYBOLETFQZF8R_2528,4
AXGICW8EV77YT_5077,5
A3RO2KO4IGMII1_4507,5
A2ETGG6M02VCEP_7423,5
A1D44U2MPO993M_6291,5
ANP0AC5FJISWH_15934,4
A3JR2RBHI5BSQ4_11197,3
A1X8F0R1F2RFY7_7018,5
A296T0V5DM036U_5906,5
A3U5RC83IITZLQ_10120,3
A3J3ONUL0JBJ8X_11881,1
A1W1DCV7PFDGY0_597,5
AV5SHEPOVKGCB_11856,3
A1D5SJAOYKUK5O_16662,3
A2GQRW70W0VO8Q_13874,3
A1P1J9V86UZ9DZ_21969,1
A1DMY544XRDGFL_21168,3
A3DVPHGB4K1FIE_3062,2
A331OF34UX4Y1K_17248,2
A22GI2VTY0RRJO_22931,3
A31MI0H2B1L2VC_4187,4
A22NYH15MS5WMR_10763,1
A2I3MWO1V0F36M_21085,1
A1IBS3KI6WV5W4_12343,4
A3AJJVSEBKIENV_23362,3
A385RGOF0B0GE5_10144,3
ACI2YHHDAB8UC_2776,5
A3OR6SHC6C38NC_23974,2
A19BLTFP0N8HWE_4225,5
AGYBPDHM8JRI1_12843,4
A1457FZDPA8S6S_21696,3
A2AT8IWU9I4FG_23381,2
AH83MZNL0856S_10165,2
ALFDUUJXDJV6J_11462,2
A3SMS5S49VFPYW_4634,3
A1NI0VOVXZBM7Y_21745,1
A2YNS2M3XFZ0FR_19095,2
A2UX5ABICURKL5_2670,2
A3DSBBMJZKP74M_10923,3
ABMZEDXIX70SP_4927,3
A21VL7TF0TZ7KT_19749,3
A23J4PB9RVAK9K_21514,1
AZNPZJAICL316_8257,4
A3E4EN8NV92TUE_9310,5
AE5MHPBQ1HB8T_12666,4
AAQ9CPQNDWIW_18283,3
AQEM21YQI67G1_3096,5
AVCJDW1WPJ5Z1_10803,1
A28Q4WAMAFOE1T_2159,5
A28V2ZCVGKTKGI_10965,5
A38XWR70CWW7F9_21210,2
A1ABI2GH9C5FG0_20672,3
A1E9329NFKHV9H_1715,2
ARBJ2KTHX1WCL_19591,3
AG77MZ4MV0VDK_11087,1
A1MTVBBD4HJI3S_13394,3
A2DDDZ6FF5DNGF_12694,3
A3RNLJ8UD1T5M5_9269,1
A2LSATAKB0IAQI_12217,3
A26CEJL5AR4U3B_11924,1
ARIO6GBFUBUR7_5201,4
A2UYQL5PB6A7OZ_19982,3
A39T9LASIYKN1L_17129,1
A2D79RSV2U8RIA_17172,3
A3DZZW4J5J0NTG_14398,4
A1IFGHBHBHI54P_22967,1
A2ILHT5DLZM6LI_8118,4
A3KNQGD4ZO5RLY_1282,5
A1WRR1RB0P82JZ_5654,2
A12NG64J2BCQS7_21172,1
A2NQ7OUTVQFIBT_16533,3
AWI6I5SZ85G4C_2763,3
A14SYLU57RYJ14_11253,4
A3LMBPLGRDZ6OG_3391,5
A9ZT45HWV8N9D_23011,4
A1NLBBHE55RZ8A_2027,3
A8E2K33PSIZIT_4943,5
A60F2GOL7U5RO_16428,2
A2ET90HQ5AI83E_15585,3
A101IGU6UDKW3X_19824,2
AS4JFWR1OFWYW_10535,5
A1LK1JUTPI2X7L_6168,4
A3VYMX7M1KEVNZ_21359,4
A16005YUCER5Y6_18732,4
A3DDOWB48EXARH_14736,4
A2509EN5IKBBNU_1344,5
A3595Y8VK6Q3HL_18163,5
A5J887TUVUXDM_19016,3
A3UGD3PSYW2V6Y_15162,1
A2J08PJFA7WGKJ_12598,3
A20BHA430QDYV2_16615,5
A1SD1YAREPV6DD_19466,1
A14VILRYV2OUGW_20152,4
A3APVCF9G6EVCF_2958,2
A2BPNL9FYEYMBW_21124,3
A2KK8W2WV5BNTL_2514,5
A36RYZG39M9D95_9406,3
A20E9T3TDSI9FW_12082,4
A8PYKA72J0DN4_1864,5
A2GZO74XC35PKM_1232,3
A1Y14JQQ87ZZ9Q_14808,2
AEYT0S4O55M6E_15130,3
A2VR0UH2AQMEJV_23402,3
AEOC8FO07PJAW_2431,4
A10H5OA0UX7E5I_16624,5
A2I4OJ24XSTZU5_11532,5
A1R5DPGERMEZKG_1840,5
A10JDPEQ8GJ2K1_19379,4
A2JGAFWN63QPR4_9000,3
A29SRO9Q4Y4VS8_9922,4
A2DVXLHVYS1VVE_20689,1
AMSORNUI0AVTE_22944,3
A17K0QRI47WHUL_15365,4
AJNOMZ1D2141Y_2237,5
A1WP1RAL9K8V95_14410,4
A2MORASKNQYQAN_4946,4
A2Y2TME495JL01_10359,4
A2H1J0WGGPGYJ_20552,3
A2TIPSSR8ZS8P0_10590,4
ANTSC8UV4RJU6_20464,3
A241U93517EY0H_20817,3
A3SGJNKRBXGB20_21069,3
A1WE81WPBDQB7B_18497,3
A2WI6MZWIQQILY_14709,4
A29EOSS8VB85BJ_18988,3
A2TT4DBAMQSCLD_18472,3
AG1M4XYLBPCXN_15202,4
AKDKCSP91K7ZW_16191,4
A2XFBCWNNNG4OQ_20576,4
A2GOY29RAWTWUW_5804,5
A3HUN3KP383B23_2469,4
A3UZQ1IW3XUZ73_21479,4
AZ1AYNO6N9ZBS_5009,5
AHHCJGSM8EVD1_19739,1
A20D2ZFUVB06QI_5685,3
A1U1QNZ7FT6JLG_6464,3
A2OMWIEOCH3NJ9_8387,2
A2HJHXBEUSYYGI_4798,4
A3NUIHWHPJCZN3_23535,3
A3BOIP165TRNJ1_7742,5
A9JVFEE71PB7A_4839,5
A1AQFDSM1F22L4_21149,5
AEG1PD72BN98R_11504,3
A2H3XNH83M8H56_11448,3
ACY8GDNPG887M_6353,3
A3T0LQU7D0KADX_16710,3
AQY2D6PEIHQ7L_17386,2
A2C1IV4YNZO20V_3736,5
A38063DHC5X7AJ_20749,3
A27AQXLIJZ73BP_16727,4
AWY8SGPOU9F6M_2502,5
A2FU0H0NUU2YVS_5509,4
A2DIUX40LCGIPC_10913,1
A1WQAIT7SFDI8D_7260,5
AO13M90UB5DPR_11125,5
AMHLRPLTM9ICP_10167,5
A3C9P5G60LMYIY_12968,1
A3LDRMKLSUWTJ_2577,3
AB4ZGWRDU7VRB_17169,1
A3W0A847OEYQU3_13121,5
A3QAV7LALVG1F7_19296,1
A2585WX4R9CMMS_14276,4
A2LD4KP01VJVK3_23125,2
APR0J7DPJUW5X_3468,5
A3L5CMH7CLQPI0_14310,4
AWJ5DQZU3OOJ0_2887,5
A1FHBAI2QR7C5E_11857,5
ASZXXK47CY2OZ_15076,4
ARJQMR7HJI7V_20254,1
A242NHKVYIYHHP_5631,4
A2ZKNGL20FBK2I_10642,5
A1KO7TPRBFLB1W_683,4
A2ZX737E8UNVMS_13272,5
ABFW2X0CMQM24_3774,5
A1VXL56DT59AZO_9486,1
A3LPIHGT70010Y_13686,4
AI8M4AETAD2OL_20976,3
A1JBVQQ9Q91BWY_13252,5
A9Z59TE5JRPWF_18789,3
A1EVXRDQDDS0EU_14066,2
A1P0CQGJQSQP32_18866,1
A3FQGOCTI5940Q_10258,3
A1WQLCLHURMZXL_2551,3
A1GKYECU55KO9S_15065,1
A2FOM4FQA4LSKL_614,5
A1XN5I2HBIB69S_14294,2
AG2Z8SMS9DPE0_1386,5
A13S4A95QXMBT_13011,3
A1BE1OKY80FUBH_2361,5
AH0RSR1MUZDYE_11605,3
A2HHVMW1FKMOIQ_21890,3
A2X5WF3FPJ8C9J_18308,1
A33Y0F2H65XL8Q_16392,3
AHL98CA2CJHQF_22695,1
ASK9UNL4ZM5RK_17451,3
A2PPPF06QVYQAW_12458,3
A2UGWR1G654RK5_4233,5
A12Q2HBTMHNR1S_5757,5
A21QX4ZXCEY1XY_14111,3
AQLUYZ2DWKCDQ_16298,4
A2K45DEJYK83ZB_253,4
A16AN42NMTL111_3931,5
A24GD68SY12QGZ_10751,5
A2RP2S43BN0ZB_9484,4
A13N6P6XK7PT3A_8372,5
A2SFUXVK5RP8VE_4496,5
A3O5T5VAQ3TD17_6921,5
A33WTFZCYRI97K_9876,3
A32Y18WU5JG7KC_6698,5
A1NULR6YJ9Y7QS_251,5
A1ABKZ7MWWOWCZ_1795,5
A135NKWPQW8SAM_19638,1
A3P38NOEKLR1ZA_12951,3
A2FHM6DSCFOABL_7225,5
A3LU9TPV885SLQ_1488,5
AHNDWVX0WCDXG_10106,1
A34OD5GD02R6KN_21860,4
AB31DNUB0FIGA_17266,2
A2W75LE521OOTH_15945,4
A35OWJ161BBKHG_19435,5
A1FGG830I2F9MS_22232,3
ALMFC0WLIYDCA_22223,3
A110YWKT0MDMXS_9281,5
A1JYJA9GTTZZ8L_3633,5
AIUDVB9CPTFBE_14087,4
A3K3C0B2O1LN9Y_11310,5
A1UNWUVI58VECE_3729,4
A3Q2N9DO8SUFN7_16788,3
A20J3UBBHIECC_7063,3
A1JAQWF2RDVJFJ_8951,4
A2YNRMO3M0Y1SQ_13571,4
A3JQ9AKWBMGW1Z_22899,3
A15FOD1E26MWT0_22694,3
AGFUQW3NI9YJS_15914,5
A3PF3RTK53EEFX_13894,3
A3CE44SUJDTK34_21690,2
A1VCQE5NIBCKZT_14519,1
A3GCPNR1ONJNH7_8916,5
A524B1PAO4WZA_2673,1
A2CUVE2OVDUT9X_22084,1
A309SRXS2L8FGK_1630,5
A1TNHX64CD7QC8_20245,4
A305EHGTB1OGTA_23663,3
A1FN1KW79R3KKE_5098,5
A2KJLFS4CD488H_1723,4
A2A9STR98ZVDLW_2783,5
A1T61QP7QHYBRQ_19537,2
AOVJYIUATQKR5_18598,4
A2SIYUWT6H8B0G_22765,1
A11RWQ6BJGR3OJ_10211,5
A3UGN0MKIMI82U_12125,1
A3GVGN07TO7Z7P_5157,5
A1ITV5WI7443T1_11170,1
AIFBT8AN9RI53_14865,3
AEM6KDMMY37BY_13757,3
A1B1ALTUOHEUPO_12327,5
A35GNQK1DC7WXU_7049,5
A4DD23DXSM80K_17382,1
AHFHIGCWGNMU4_3006,5
A31E4CJ125XR9S_1004,3
A390V0MQLXVPU9_20747,3
A3AJSON8SXXBX5_4648,4
A2MJHDD90EWV5C_2280,5
A3977ZXB1G0H08_13132,3
A3GUNOVVLMBXE6_21539,1
A309YQ01M3LCC8_18557,2
A1NBCH5SXMXZXW_4694,5
A2L9FRUAT201F1_5944,4
AJIXXLHUSOFC7_200,5
A2Y5Y3054ZCAVG_11502,5
A10SOYI0EPLJGZ_11135,4
AHUJMR9UIKYJY_10124,4
AF423MTRXJ9MC_8954,3
A1UHSTG0J1JNV5_5911,4
A3B50W72XI1XVT_22767,3
A3H3MXMX1O5KRP_8763,3
A2S5XCW865NMT1_21555,3
A36X0BZ0EVHYNX_19955,4
A259VB9SZWDOAB_860,5
A213Z796AMJOJN_18243,1
A2I6SBUGP9RQ0U_21059,3
A3C0DGHATPIAM1_22117,3
A188KEB7GV3NAZ_20105,3
ARYTHPMD4Q6FP_20372,1
A21MCMHHHIO3QT_18381,1
A1VANK6OJIUJQ9_14061,3
A3IJN9S0Y1RJXC_7410,5
A1GCIOKPZKFGWN_18812,3
A1EM7JGORDT18W_9128,3
A1X9E3YRTX3UNU_3764,5
AMBB7P5YH78YO_12044,5
AFVUAOQIG4KWV_18227,5
A3HTAFZQBLXVXU_11472,5
A9IC3UW2VPJL7_3546,5
A3V1P580Y1HG6B_7348,4
A93TDYJZX5NMX_15800,3
A19YBXY23A06XD_21519,3
A22OGA7RFTGJFL_5070,5
AY05Q0RHXOLHK_6971,5
A3QWY875C163JR_16626,5
A16JBOIW7LN2SZ_18937,3
AOT6RF81EMSNH_23594,4
A3KJBPJ0T0MNPS_11522,4
A3KWI13O0H0E7H_10238,4
A1AA9SWMV7QQIJ_23206,1
A3AA6CD30PAVA_22732,1
AIH35QDMJEJK0_1685,3
AWU110TP1HTPF_13858,5
A1K107QA4B5SJT_21801,5
A1E7XH6WDYWAWK_11586,5
A2DFAQHW12ROWJ_13461,4
A2NXLMNPSZ6P0_4005,1
A2NZAGMAS7N5ZP_21954,4
A2DB6ORZPCFA9L_10801,1
A1EV68RUVVW03F_18405,3
A1EWH82X8HFVT6_18402,1
A182736HYI8JHA_19217,3
AEKFSQWWMMBCK_1965,5
AGX2K0FMS0IVL_18231,1
A28IG4A3F4OOWW_4263,1
A23Y4B63VROH7W_12210,5
A3U0ER6TKM83C8_3164,5
A3G9CWG9V9AULA_14151,5
A1W8UXQGXEW9F5_22878,3
A2SPPMUL0GWI6V_2797,4
AUARIBZ7WJQXT_22937,4
AAKZPL9AQ044E_2199,5
A3BOJNWO083WJS_15540,1
A1GKH727RJA2Y3_5001,5
A1160TNN7IPWEU_12265,3
A1Z79KWBZ3U9J4_8352,5
AW6CPRPMF9ELC_21794,3
AY1PEC3Q5WCGR_10240,2
A1Z47TYXHFKJIG_13984,4
A2I5DVQ4O1UYOU_10241,1
A1QFXPPUHEN141_3115,5
A2KTPVK4T41ZCH_13631,4
A1K6C3AOX3V44H_13065,4
A35ZU8YPS3IY1J_14860,4
A28LLFIETK22WE_11106,4
AXRXKN9SQP4OZ_13559,4
A2EOUA9TIZDYMQ_7487,5
A17UI6ELPVIIJ_14796,4
A1BHWWL4LVF16Z_14092,3
A2LRIVIFZR8U3I_7045,5
AKEMIQQLFR700_18066,5
A386W01ZVWMYC5_21329,5
A2EB92T9PTCZ1L_23423,5
A23GU293RUEHZJ_3749,5
A1G3P4BT2T9W2K_3249,4
A3M3I2AHCGQV7F_14096,4
A2A3NLKYM74RPC_19838,3
A27SVLRMP4SCU2_16565,4
A3PT1WF4F1TV3D_23833,4
A1Y8ZB71XUFQZ7_9663,4
A1GZHZ6CCYMG03_17385,2
A29IPF6KF8D5YW_19575,3
A11RWQ6BJGR3OJ_12481,5
AEWUTG13NTNW_10655,5
A3B6ZXQ7VUFRB3_17968,2
A168X81I3TQKHT_19181,3
AT1FHQCQBA64F_20744,4
A2A3CI3XZHETIY_20457,3
AENDBQC3I76ZO_9011,2
ALL502KWPMFP_4135,3
A2LPFSN9QTMPX_2152,5
A1PPW19WROG9KZ_4860,5
AZDQKWB7I53DG_19932,1
A102J65ZAXNS14_10554,4
A38RR1ZI6F2FL5_2647,5
A3OPJR8O9P33WA_2408,4
A1WNVH3AZJBU9E_14534,3
A3EVC62JMOHETW_16065,2
A30DIBDCJUD4RK_3537,5
A379IB3EYAEL5_22482,1
APAJGIGTZB5L_13968,3
AI362ECY8OD9C_13160,1
AX9RMGFRIKKMZ_15695,3
A29QHLYBXQV5WQ_1993,5
A1Y09QLADQYQJG_1020,4
A3PQZS2NJ0ATXX_21080,5
A14ZAD178SZZMR_15009,5
A3TZADG4TN659V_9883,5
A267IXCC7UK1HY_17086,3
A1NXPD94C74PC0_21590,3
A3OGCE7WLX8IA8_1420,1
A3I525SD0PL3GM_20155,4
A1RLSO6B5APQH4_7259,4
ATEQZBODEZWLN_16509,5
A2TXAE30THSJSQ_14811,2
A3NHYJ3Q0B1GZJ_3573,5
AW3QSEHVDBIPQ_19453,3
A1VZ0SF3WGAHIY_16817,4
A2HK8T0U1XQBMZ_11863,4
ATJN91PH28F6T_14689,3
A2Y072312WWMT5_15605,4
A5S3O0LJUVMZ3_2082,5
A1BRXFSDXBOQ7I_3724,5
A21Q160EC78MVI_17238,3
A3ETDHA42CEWO3_13794,3
A11MNKGD2VLZOB_4153,5
A2IGT53A8JESJV_1717,4
A2H3GUC6F6WKSM_8695,4
A3JJXSTSJS7A8M_5709,5
A2URQRV364JKTF_517,4
A2RCEQLQA8TZRJ_10609,4
A2YTUSSQKJIZPK_19295,3
A2X2AXKJHKAZNU_7796,3
ABHBZLSS076Q6_11738,2
A1IWYZ5EYTCBDR_486,4
AVUNLFCX4QVN1_4318,3
A1BGDTZ2K0D08E_844,5
A3RS23YCQGY6Q3_21661,3
A5E5MB4GLMR2G_3602,5
A2COUU30N1DMAX_5717,4
A7QNYLKRE4LD1_8213,5
A2KYEJHX24EF9B_22598,3
A33HNYRHVNEYKA_4259,4
A3C96IWQ26Q46I_4741,5
A7RN2QAWK3JET_9085,1
A1IMO6SR37U67K_92,5
A1PIY2Z9PZBPR7_19529,2
A9O4L1EW36VBT_23382,1
A3V9GJ5LBZ8ZA1_22792,3
A3FEYJ4CXJ8ILY_7634,4
A3A1E05J5PXADW_7076,3
AVTY49Z9Q7DED_19214,2
A2BNCDK7AH5RCO_6788,5
A2QUX0WLXLMHDV_18160,2
A3AKM1G0N74UF4_23250,3
A2XDCYA8763WSY_6724,5
A3EFBFA3KJD4G9_18500,1
A3R8UUOKL55GCR_4126,4
AITKYVDD9JJGL_7981,4
A3KZTEUNNB20OY_10928,1
AZ2TKV3HNK3N4_23704,3
A2O29OBARQC1B6_699,5
A2DRW895AM7LTD_19567,4
A376GICDWTR6NX_20954,3
A3FDGEQR295GBM_21027,1
A3T4C9W2TWFCUP_23154,1
A3GOII95LRZE5A_21717,4
A1ZZ2L3TKEH0BB_3003,5
A84W0DOL0XMVU_14900,4
A1MNNPX52PEQU7_4002,5
A32DTCFBBB9WIV_6219,4
A38H27891MU3AI_9040,1
ANY0OLDU3UAMK_13046,1
A12XNNJBG9H3CA_1984,4
A3S18G7T4Q4CN6_11753,1
A19DUD28C1UPS4_21129,1
ACMXUXBZNTNRZ_17841,3
A2XW7MV6N7ZS5O_12036,4
AEHRY7EPVUENW_22468,1
A1LJAZED0HGLSP_3255,4
AIXGXPHWTBGJL_11884,4
A245H7R33UX7P0_7736,4
A4DTKC0QPXFQR_14571,1
A3DF3ET17R3QXW_14528,5
A16GCP4PJVDLDS_7119,5
A1BLOE8675070E_12141,1
AEQSPI1IHEG4O_1072,5
A2VEQBYUS8YPE5_9166,2
A3BJ5TWHGD4SOP_13373,3
A2AYA6Z6ARUCTA_20173,4
A365IJBFTYYGNJ_16034,3
A31UJGFDS7CDO1_3244,5
A2TBAUW2W7J538_21460,1
A17LB6V4LE1IY5_23323,5
A2X2BW09SMFYA2_5063,5
A242NHKVYIYHHP_19245,4
AL7BODXOVKG0Z_13733,4
A2Y897CK0F76VT_17701,3
A2WBB6L3XYKX5X_21970,2
A1GB7B0C1V2DBL_12157,3
A101IGU6UDKW3X_14864,3
A1W7C0XL53PHM2_12735,5
A72HSMEOF7WUN_4445,4
AM6NGG5YN4OXK_17614,2
A3H5XFWSIZAT4U_7693,4
A3MUUCU2U9V8RN_3184,5
AGLN54GTQYW7E_3805,4
A1UO5QHH9HZ6X5_16142,4
A2VDL1W00E2V92_9973,3
A301SQTRZISCJ2_1219,5
A3SVYS054Q89YO_1485,3
A1LEV4H5ZQ55J2_4580,1
A2DRVUMQB5S930_3823,5
A3EQBPDMK0IM4M_13379,4
A2XE1LZJ29WSCK_21274,3
A3UQQUITIR9IMK_9902,3
A3T4KD82YU49SR_15213,3
AGJU7DOKYEAAL_20820,2
AAGSCZD0BT5ZG_2071,5
ASE6BWSH82W5B_21222,4
A35GNQK1DC7WXU_7253,5
AJT9NDFFCC5M9_19991,2
A2O5MZXCP4RFSL_10748,1
AJZIS9MKUF7IB_18396,1
A1WB47WJCS3NP4_20301,3
A24WKOS7B5SLVA_820,5
AUCQHARPNRMEV_15449,2
A36RQR0U0U83V1_7661,1
A2ZUZLYCZMWBVH_22113,3
A2FTQ90EWFATFC_3550,3
A2P7D0LXAAVFZA_12172,4
A1L2DLWYRNHKDR_20923,3
A20S7XV2JK0UXL_12485,5
A3RRH6706FVML2_19154,3
A1T46ZX99UL07S_8590,5
A1ERFRG5DT2654_22031,1
A3H4ADRRW3PQUC_22047,3
A278WBES2T2BSZ_12077,4
A1YOWQ54MXOCQ2_14902,3
A2NUEM56R7AL6W_4049,1
A1LNX4UXC0O7P0_17582,1
A3NA19UPT1QIHD_8665,4
A30YL0GGBB8U7K_456,3
A1QOVBJYTG9OFY_12929,4
A3OPH5FCENKRH6_2959,5
A1DWCV364HR156_11985,2
A152MP888WYRYE_18262,2
A1BFNBD9CPHHSW_13022,3
A1KADC67YWWGIG_22098,3
AXZPW8EEFRRX8_22161,3
A1RCDSN3GXHFC_7392,5
A3JNCR64IXN81L_4612,5
A3LYFRATW68EX1_2467,4
A3ER6S7Y1BOKM9_15346,4
A2LQ3ZMHIB41ZC_3773,5
A2OA8TE8CGQCJO_11099,5
A2L8829SSFQZ6U_9671,3
A30UTJUC9OLOQP_15789,2
A32T2XLRS3XKOL_8420,1
AWBRZ9M5BASHQ_5391,5
A3SC0U2708BPPP_8930,5
A1XZ778T325O5M_16442,3
A3SJ1262XLOW6P_17394,3
A1J0MN2RBPA8S8_11988,4
A2BR12BYIGV1ER_23255,3
AU373JJVPGRD7_4330,3
A35B2NPD61HL2X_6579,4
A37X6OXVPYXHMN_5755,5
A3CPTIL0S4RILK_13615,4
ANPXMT8E4XKSL_10705,3
A1M3HAU7T3HTUC_9670,4
A1XN6MBYDBTX16_2953,5
A2ZD3N1NZRYHXD_4306,2
A3GF9V3CNUN9M5_11955,1
ADKKDZGDVEVWZ_18991,3
A3DS5AREACSS9F_1093,3
AIRTTW54COJ7N_14444,5
AHCPEI4NLGX0F_10123,4
A2Q6JDDARML5CO_1291,5
A2WWPVMDB1PS96_21179,1
A5JLAU2ARJ0BO_23859,2
A3QPI7X4QMNA1R_3183,5
AL9TBVIEZJUNW_20586,2
A3SY4KO0I71HHO_4481,3
AVHMOENRENU3L_22310,2
A1N2B2BUQR9898_21600,2
A2VTDH5IVQBY4F_22208,3
A1HDAP6T69MIRS_8212,3
A1NP7WCZ0IBPWN_20345,4
A2CHZEK4GBAOY6_6230,5
A1O8JBGRANCVEO_20860,2
A56NHJDDU5G0T_7176,5
A1HHBC9J1TGB66_11544,5
A1BFE0O4SJQJ7X_19892,4
A3QB6MZT4R0ZWT_23765,4
AXC8K8KIH8CAB_9378,1
A1IUY4X0LO8CO6_16276,1
A1FFTZZ08M80XO_19870,4
A1Z6AFVIC6V20L_1607,5
A1OM1HSFAA4VIR_22472,3
A3BP8TWTIMD3MZ_22755,2
AJXJ6YZ2695G2_265,5
A13Z0WIZ32IV1U_8994,3
AZSLVAXI8R3Z5_23631,3
AY4KQLB5ZCDYM_21568,3
A1Y6LNDCUWPHN2_718,1
AFYGEH2X46ZLG_9674,4
A2K6VS9NMZH9OG_9695,3
A32YL4WWI1FJFF_18835,1
A1L2DLWYRNHKDR_11762,3
A37UJC4OCZCKCL_18740,3
A26K9L145E00Y8_12496,5
A1LEHG598450OQ_7772,5
A33KMI9T4QFEE0_3494,5
A3UVDRFQ1QCKM3_15833,1
AX6GG8U1HDSZZ_12605,3
A10175AMUHOQC4_6527,5
A1F77J0NFZJXP_9899,3
A2XBQCUTYOL61G_14969,2
A3MTPTQPOFG84V_8195,4
A23BOYR1THDQR6_22620,3
A1E28DQ8UZQFSJ_13903,4
AH6DEGR6YXT0F_20936,1
A1HFMQDAA2SC1W_9802,4
A55DWAFXRTZXG_19253,5
A3RCZ458VHLNAJ_11323,3
A2ZKJFL7OMCVGY_14474,3
AIYHTH4UDEYNU_2420,5
A22EB7ZS5YZXLD_5176,5
A125MB4R88JZ5U_17910,3
AKEBOW1GLXLHG_22203,4
A2T06ZT4ZQAQJO_9425,4
A1PX7AMTWN2PN9_15245,4
AVDUZMUU6LO0W_307,4
A2VSO0D892M3UN_21851,1
A3CZS2QBOYKJ55_8366,1
A5KKASK7J5YSQ_15059,4
A2A7WFFEFIBJ35_8322,3
AHPOI257FW6AV_20902,1
A1A1Z5K3Q9YUHW_15110,1
AE4WX4JV3USWI_7608,5
A26NBBI9OCEATY_4689,5
A3ZQKCI4TFNXA_19108,4
A1G1OHLT5E8QMM_16307,1
A11YB81ZV7R7JH_7891,5
A30MB5NYX14658_22384,3
A3CGHACA377KS_20306,1
A3DBVVCB78CJLP_23515,2
A2MG8HX7BS374N_19971,1
A210GGI9IB8N0A_2587,5
A4K86OFPKKUGW_5736,5
A246D56KFO5CG_5570,5
ACLJMDL6TS0NO_5900,5
A2N03TUL3EZZDD_22341,3
A2O0SB673X76OS_23204,3
ALE6Q77QHL1MU_13502,2
A2O68SQKF0W8A3_17405,1
A2EDRNKOWF8FQI_8001,5
AIKXESYKV13OT_4770,5
A2ROHH6HN45ZYA_14112,4
A35E9F3NJG6LH4_12282,4
A1XBYO8YP5AFHD_11746,1
A2SOP8A6JAVMP3_9613,4
A254EBBW0W3SOW_1838,5
A1FZ5LYHDOI68Q_10629,4
ABENDGC09XPUF_1507,5
A2CNXXVWOAPE0B_948,5
AEZEHPJAQGDJC_9812,4
AJVBF0LOFCB12_22741,2
A2XWS9EWB45W79_5451,5
A2CA7DH5B7Y5XN_14538,1
A2F2DC7KL40QWI_3293,3
A44IQKDRQZN0L_20766,4
AQ5SQANROVEET_3225,4
A1QRR06UY3LI9G_14220,3
A27DSB3LM9YKAG_2961,5
A3H2QCZO4SK3XL_23088,1
A2WRTIPLJJXMQ0_9416,4
A18ZICRPASG656_22426,3
A58E5ZXMGEWL4_20681,5
A3G09BPX8PLAFC_7692,5
A36X607D43CYU_2242,5
A5JPZOCEN9AX0_20232,3
A2776MNKECT4VB_1176,5
A1LNEPQV8CTELK_17728,4
A1ZTNK1CNTQ952_15989,3
A1SCDNLCN9SOR9_20538,1
A21P4XMS67A09G_10376,5
A2BQQXNKIDPWXZ_12452,2
A2TL6S3TCM8YM_17485,3
AMYJOS6JQFSW7_22097,2
A1PRPHWG22CKKG_10766,3
AO4ZG16RR30OM_2631,5
A1S2ZHOASKTQO8_21293,4
A3JLOIXFM75QNV_13024,4
A2B19K5WQK4FDQ_22698,4
AWZ0II2EHIQ36_20422,3
AYFYP9PBOCMRE_11093,5
AXTI2E8OVWQ6T_8684,1
A7MD5CNQ9EDH6_15384,4
A2NNFF53IKLASW_2451,3
A2ZMGIE78SAVD4_5058,5
A14Q21WV7FGKZ0_21455,5
A3RPFXD8A1DYWK_13434,3
A1QMIY6O7VV5XD_4723,4
A2ZK0GYZXYWBWL_502,5
A1P0VW7IXUNUM2_14972,3
A3L12JIZ9T13TP_17234,1
A32R3H0YLLYKTG_3267,4
A23QY2GBOS2GF5_14427,3
A6UYDCUQU0AC9_3288,5
A17F3JQAMH2L1U_10878,3
A2VFK53ICBGTS_19339,1
A2XG9D9LW2FOXC_16459,1
A1K4VAYQQLNFVS_23240,2
AXBEA9865Q9Y5_1213,5
A2GU23OA3KRV4_16230,4
A7WYKULM3LTA0_4984,5
A34OD5GD02R6KN_21365,4
A1VAU4V7HOE90T_21747,3
A17L3A7R1BWE8P_12651,4
A1AO356OQSF48R_12492,5
APAHG7NMDGJVD_23739,4
A2XSH9T0F40JVW_10426,4
A2LJFBPNTI0WFR_1430,3
A27E1191RPOR17_13460,3
A36JN7CKOPEQAF_7653,5
A1JKMVZ42W6N8L_12549,4
A228G42GUX78TZ_18736,3
A3TE0D3497ND2N_7825,5
A2ZP9TI8QWTH4G_6181,5
A5HBE9HVP1RX_10544,5
AJXUZA0Q91HON_14920,4
ADW33RCLBRPZL_12360,5
AGV269NMIVLH5_17807,1
A21ODN5KJ07S2V_18085,1
AYLMM5ZTJJP9W_10893,3
A7Y6AVS576M03_11309,1
A1L46PC7ND70T9_15870,3
A2S7M60023E8V9_17648,3
A2T3MIRPC0LJFF_14632,5
A1GVGV4EJ3X1BZ_4869,5
A1ENSYH5GQ28PC_16044,1
A189518U6ZC08I_21624,2
A3EIH7QQW7Y9SS_19002,3
A1L4NEIE8K2MCW_19232,2
A2UYKZHBTHPFVG_9783,5
A1CAA4DOATVCWW_9268,3
A370EYV6NOCKCF_84,5
A128VU9LPD7FEH_8754,4
A2OPE81Q4NAFYH_16637,5
A334VXUGQJWNOQ_11137,4
A1XRPOP6G5U537_13596,3
A1P3EE281Z3URI_23326,3
A33UO64RKYEWXC_2287,5
A1WYI5X3BNORSW_4473,1
AHPGVRF1P98GT_16654,2
AXA4KBW67OD6Y_19640,3
A2MYAFZG6YP57C_6245,5
A1X7FS1H4R02W1_12569,4
A2TGAOHFPAPPJ1_4739,4
A1BE0DTT5H05ID_18063,2
A2YSJBZIBVNPC6_14967,4
A1Q27GB6HL0ZZN_7986,4
A3PHL18RYME2UB_15473,3
A2PZPE9Z6VZVN9_15810,1
AQ08SQMOFMHU0_13614,2
A3JSLE39XXGSFD_8959,2
AN80JMWQAE1MU_16674,1
A1520S7L43XUHO_9563,4
AXJRQ2KUKS9EV_16330,4
A5W7ETYKMTL23_5045,5
AC1C3NJX8LSP5_21224,5
A1W2JCN01CTT1V_3849,5
A3T7AD4KVPVPB2_15120,4
A2HLJPSAQX6KR2_3717,5
A15FZ8EYQPL9JG_23771,3
AA84EZ8K9RGHA_3054,3
A3PGZPDXLW87XS_13369,3
A2PACRCFW1CXD2_18096,1
A1IU5EPZ2UGB8V_448,5
A2EGS598FFUC34_18049,1
A1HRVMTRMYKAED_10182,3
A1IB1UXTR0AJCF_5189,5
A1HO0X1EN7JO23_7841,5
A32IQ5ALPRXERT_19951,1
A1CIMWIIE0P3GY_20644,1
A1XZ4EAIC71NZV_945,5
A1HUBEP5DJ6W51_3978,2
AM66RWPK56ZHV_15883,4
ASEZTJV89KAYN_22880,1
A3J6Q3UC7II4A9_14356,4
A31H1N6RREU2T5_9438,4
A7DXU5IYKUT63_4293,5
A3UI6AG5TPBM0G_17996,2
A37WPRWZ7A7U4M_8750,3
A11LLWESSW47BB_6670,5
AQVU3UUFFPWNQ_1691,4
A1V77LKI6ADNTR_14484,3
A20BDAP0D7G147_20493,3
A2GUK6IX4PS3GY_16334,3
A1JYJA9GTTZZ8L_20402,5
A35JCASWZL0XBH_11854,3
A2AT3GFVBECPNB_16988,3
A2070ZAD81MCHB_6146,1
A2ECCNL2PU4S0S_1776,5
A2NP6OHM8Q2530_13541,3
AOPJVEQWGETH9_15138,4
A3GB2QONW3YCI2_17779,1
AVX30YHHRC3UC_21550,1
A36I6YJW4ATZZF_37,5
A2JAVWK37ARKJY_16862,4
A1LF2ME3S7F4ZQ_13244,3
A2FTAB2MF0IDZV_3798,5
A3QEFEHH6UEPPA_10593,4
A1O5WYHRRJIZ8U_8270,5
A1F4WMYZFDOGVL_10306,3
A1PLMMHLEN9LJA_2885,5
A70K4IBBTXWAX_14903,3
A359E5HYSPTH0L_1202,2
A3W35LU8SNC6UD_18025,3
ADNGWBLKQPDOL_13122,3
A1NI0VOVXZBM7Y_21711,3
A2QGRE376QBRV5_9444,5
ANUAJ3OMUH893_16235,2
A2DQ2KFLIMHKWT_22730,3
AEVIYGYO0FEOM_13488,4
AS09CJ2GLNXNV_10807,1
AI4E5IFOT4QER_5269,3
AH06UFDUCQLUI_3427,5
A3AFWV827ECRKL_21958,3
A1A8BHFVJFJOC8_10520,1
A3HZ5KM2BOZ0UV_10921,4
A2JHY0CHZUM99M_13380,4
A1E6RW8B79CXUS_11401,1
AG7S3BZR8WUQP_15401,5
A2FVRQP6NN7DVK_2989,1
AXX9S5UGOEZR9_16112,5
A1GHI5HPVATF4X_20800,5
ANE4NGIIN8QRC_14283,5
A1O6C5UIRZ28ZM_19180,3
A3SAIURS532R4A_5947,3
A26S4924TX20BB_9114,1
A36I012JJTZUZ_14490,5
A3BYH766PIVYQN_21348,2
A36FF88JG8H82I_17005,3
A2Y7G1T4L7JZFU_15417,3
A3GTUWQ0FWK73O_5740,5
A2Q2WGNW2CT7ZD_1318,5
AU4WCFYPN4WT2_18882,3
A1SD90LDS2D6R6_8831,5
A9FXMNZ20582W_22029,3
A3SOV9HFM5H9T1_679,4
A139R1VPHUMTEO_19238,3
A36J9D013TN49N_18848,1
A2CD083RIIKQX9_22095,1
AY9TXCNTFF5A8_23757,4
AZXHHW2HLS0VS_2992,4
A2V4IRJ84T7V7G_847,5
AUJPJVPBTHCD4_8204,5
A1IJZNHL14362A_23952,3
A2XS3OSIXILUNY_23171,1
A18RTNWQZDRB2L_14156,3
ASBJW6IUVXNN1_1306,4
A220EANOQ8R2JU_19596,3
A22GBH86L94L0I_2635,5
AQCZ7TCFAPMKZ_14344,2
A3U0B6OMLOPQPN_16180,4
AV3K4PA5KC9UL_17694,2
A3DJS5RZNZZZAQ_16399,4
A2XB83BKUZPSQH_8920,3
A2JQJSIC156XVV_13189,3
A3JU5TJSF36WJF_22928,4
AUTUYKL8525WP_9964,3
A16ZV4KO7CXXRY_22566,1
A2WKQYPB1RIRB5_15358,4
A35JY6YNYJR9Q0_4074,4
A1MUDS9YLLP0VI_14390,1
A1FMHHJI1LAEGE_9457,5
A1KG1ZB33JXOGC_18651,4
ADSVSPQ552QU3_23657,3
A26I260FU4DNM9_10079,4
A1PPW19WROG9KZ_5436,5
A2TKOA5QOOYJRI_1954,5
A4W9AJ7H77TR4_23913,3
A3O67YVYV98CEG_4660,1
A3J3OZ5BPFF2XX_8704,3
A3GC0EU3MPD3MW_4882,5
A31U2ALIH48BW3_21221,2
ABLGY08EPFG2F_7366,5
ANAYTP154YH5B_17844,3
A2YQ6JQINP7HB7_3760,4
AYT8F1980WRKU_13930,5
ALTR7YF9LRK0Y_6482,5
A35RDA2R07QEHS_21665,3
A1Z67F06QEGKNA_19326,2
AO2JGSF0RSI8V_20481,3
A2IZTB4FJCB5O8_8668,3
A2K6GJ5V9S6YU1_7648,4
A30I702IF158D4_22524,3
A1T696D9BTPSV_2332,5
A1R88BM696RF51_14877,4
A2E7SM64SCOC44_9264,4
AYGEKID3G7DPW_9440,4
AK4HJ2WZ0Q66W_7585,4
A1VMI9DVAFF2OL_1069,4
AHJHPSAOEXTS5_9543,3
A3J9E135CBVPGN_15398,4
A394VWFJ6PAKD9_19458,3
ADPZ5HXP5B3N_22589,3
AKBRU20R5P51O_23036,4
ARUSI2LE87YL0_13386,4
A1WDWBBJTJN3AO_87,4
AVWU4SPOI3HGO_5129,3
A15ESIOFPW6Z56_2459,4
A8HHZ0P94S54I_18087,1
A1THT0J5CKQ9JW_5695,5
A1NGRXYQOKSNCA_7859,5
A315BJ680Z3QSJ_5146,5
A3J9JSBCX99ZAI_2660,4
A3V6A4CFYUX1K9_21640,3
A29VY8UIW8TQ42_8671,4
A1I7DJZ4H2XOCD_6914,2
A2VFIOS5CQD4U7_20496,1
AU8MOX9LHAJV1_6808,4
AXOW1610NBDSI_3251,2
A3VEFQ25OSXMOQ_19976,3
A10XRFM0POSLO2_1973,5
A18TH1R6RHJ23U_20349,3
A3SJR0WL734EK_18632,4
A4JH8I88GNMOP_10006,2
APHEX2PC3SRR9_14051,5
A2UJVUFR9DXVNM_19284,3
A1TSUMHV5TUAY8_9743,4
A3MCEFHHX3IXJ5_14507,2
A1EZBT3ST3HR2G_14762,4
A86K58D2BXHX0_23309,3
A1YTMOPRTD0A66_17123,1
A2JKZJ31ABMZNG_7395,5
A3REVHGEV34NS3_20264,5
A1BLJQQ2EBVNJK_19533,1
AM3G46N2HC0MB_19867,3
AR3C1LOCM24BM_13637,3
A15ZYE35S820RB_18286,1
A13NTWHN343NF5_3881,5
A2ZWFASNX8YBEE_8132,5
A1SHLQKJSPCCNZ_2791,3
A2T3ZT6SS6TXNH_9956,1
AGCBK7YCN8FUV_18443,1
A2PZ3UJBFX1FUF_4888,3
A26Y7GIN7YDCYN_4971,5
A33CITSQX4A4OV_1756,5
AGJJPNIPBES5E_22493,3
A2SOSS8WKCCGUG_20625,1
A2JQJ7S0LOXH1G_18907,1
AOKAJBNUIW9R7_2427,4
A34CPCRHCGWI0F_16113,3
A2GD0AIALY0VR6_13130,1
A3ESB71NBVOQ66_2141,3
A9F8E4EO2H4U9_3738,5
A34DUL6BB3YRSS_15654,5
A2WMRKPJTZRLAH_8273,5
A2WU24FJ53SLJ_1683,5
A1PI7NQIENANH4_6041,2
A20S7XV2JK0UXL_11164,3
A2KAJSVK1OBUAS_14433,2
A3B0P37JWHUSUG_15686,3
A1CGS3LCLRUPDJ_15381,1
AMQHUUTD8TJTE_9317,3
A3UR7B7WTS7LFT_18810,3
A19AN79HUMEMP2_401,5
AKFJHL1N63EP3_3361,5
AFA8VAS0HNVB5_16085,1
A38QLESOXKL2P9_20901,1
ARVRG41FRWEFH_4137,5
A2JUK191CVN4G2_22852,1
A3DU3WSOML75M1_9572,4
A2OJ3C5PP1QN6T_18132,3
A39V1PW5URQU52_1786,1
A3BCWWZ58ZQ1GN_1491,5
A256IA0ATKKRZN_8988,3
A2W4S9ZI9UZPJF_4147,3
A186CN4WE7HCTN_23283,2
A31A7SV73QLTZS_463,1
A2IFH4SHNWKLSR_9904,1
A2VSBWAPAK1ANZ_5879,4
A22FQ9ERINXS53_11825,4
A3JJ21YCMGSKGH_7454,5
A3LDRMKLSUWTJ_9707,3
A91LE0MPYE8GJ_6360,4
A3L1YW0OIL0MY9_3294,4
AJS7J842QJPCC_9273,4
A2O177LWLM8U1S_19555,5
A138VRW81XMB0W_17191,2
AM6EBR13D65RW_19319,3
A2WVBEKO391ZH0_9060,4
A23Z6K6TO9PWP3_15866,3
AZQ7O73EAS3VI_7090,4
A3FTDZ0T1X1SI7_6276,5
A3NIVB6MZW5TPW_6066,5
A1FMHHJI1LAEGE_22615,2
A3EW4TUSY1HAXC_17559,4
A2NE7D8GC41UCL_3917,4
A3JUN9ZEGMXOFM_10339,4
A3AVTDDYOD2K92_6310,4
A1C1L9ZMMB9RKB_3953,2
A2WUKBP6RV4IL_7554,5
A12530N7Z1U7B0_8237,5
A101IGU6UDKW3X_10047,4
A216SKRFFQU4ZM_8877,3
A3KNPYQOSAI0ZH_14868,2
A3N0T7IAM4BXYQ_23031,3
A1YCKWCRIIQSY0_11528,1
AGMLLSL26JB5C_10839,3
A7TQ0DM22W064_18035,2
A3GH786WSGN0Q8_13942,4
A1K45ILPB5IYQ6_11264,1
A6XY57CBHJ95G_17397,3
A2MHJWB5NHVIED_18136,1
A2CBA33RRC5OOS_15507,2
A23MANJA5ECR2K_12092,2
A1I8I40QOK6BNI_19056,5
A38Y8Z0IWJJS9F_21756,2
A2FHM6DSCFOABL_10033,5
A25LFXCQLN267D_7972,4
AKJOC4YUGIIBA_22668,1
A1YROIOZO813GP_13251,5
A1JBB9NOMA5IE1_7261,4
AHUBBM4TBHOX1_9641,1
A378JSF2LMHHSJ_3049,5
A47ORMU1FSD6L_565,4
A1257IUDB3M1A_14685,5
A35DBX3AKEXI8M_16083,4
AKQRKP2OQ8ZHL_21164,1
A36OW0HB2Z4VWQ_15600,1
A23Z1WPGSQ01MA_22629,3
A2QNTZX12SKY4Z_7874,4
A3JGYBGIHHZ3VF_18192,3
A3UQ6AU4GORNB8_16009,5
A2P7OEE5NOT86Q_23697,2
A1ET4VVQGQA0MB_7908,5
A22E48RZ4RMA0E_2805,3
A2WHU3WWXDSO3K_6260,5
AESWJXEYLTTR_16928,3
A2X6GEC6LCDN4S_332,5
A36GITOLRPC6RV_18212,3
A32L2W1C7I5A8O_9052,1
A3KWPKON5R5OJF_22976,1
A3EC1CRC96VKLL_19534,5
ADGECU172C477_9163,4
AC15KT9GCUHW4_11152,1
AN87O30BBFY2M_8465,3
A40TC4IH1FP4K_11626,1
A4MQNP8PDTFW8_6950,4
A1HZNVXZLXUP6J_15976,1
A1U5E7P6R1NT3E_5958,1
A1MR860K6SBLJE_10650,4
A1V5TRJXTI6F01_16197,4
A306XJR2YRJI6Y_940,5
A2OPEUPCCYWAGK_11023,4
A10R1GZPWCIGZ_23690,3
A3OLZZEIADQWDN_21895,2
A36R5QTVVGUC52_19999,1
A1CN6G63A9LPKX_18672,2
AJF4Z1FWLYAS2_15227,4
A4SOPY8QZSNE6_7990,5
A4M6WK8XG5O6X_14771,1
A1II8XP9B54XY5_9139,3
A29MA1MSFRRBYX_2839,5
AGSYNSJSH76I6_8044,5
AG4KTNDOR3KVI_10561,3
A18F0JJ1UJZWAS_8794,3
A2KBCK4ZGTZTL8_19414,2
A2X02RWQ8RFYUW_14272,4
A3PYBA841979JX_15232,5
AE840I29WBE5O_15843,4
A1KHEP4P4FUTDJ_17634,1
A55M888XKRCKH_20182,3
A3CZQOZUDRWDR1_8850,3
A35V8JJBYADQB9_21314,4
A1DJSWVSI1TVRY_17096,1
A244C2ZZ4BLGER_5771,5
A24WP0PWWY6ZB3_14270,4
A8K5I4MF6QCGJ_5013,5
A1SUBHCDZM4HU3_23177,3
A1XJV0IXHZC6Z6_15064,3
ANGFDOSY7R38L_20826,3
A173XGL3VM8B2N_11868,2
A1VMD5ACO83C6G_14205,4
A3CXPJJ15E1545_3458,5
A2I7OXHWWVR3JV_16062,3
A219WFI4NFP6D8_13764,3
APIH604ROOZAP_414,4
AU0Y6Z7JPW0FG_11181,3
A1OYE503LOE9TR_21218,5
A2WL9Z6FYNW8X7_16579,5
A1LLH4NHIQ2SP7_2259,5
AMF17DNTWF9O0_12142,1
A2CEOAUIFBB2QZ_21676,3
A3IAU2BQAMMFD7_14037,2
A2H5PY6EUOSWS_17456,2
A267IXCC7UK1HY_11377,1
A34K8D262NZQJF_1345,5
A1Z2JQ4OPWI9RR_18544,3
A3RB9PECLH84S7_3966,5
A2I6SBUGP9RQ0U_19674,3
A3W2BXESONZH0P_22421,3
A2PI3IIBPG2VI2_9882,4
A1KKRLQJ3U2K6F_22845,2
A1L1WAPRFZD7CL_3339,5
A39UQRMB884CZZ_7957,5
A10EAU3IKJUM8X_20553,1
A3RVMMZYOXQNKL_22630,1
A38OZHPS0HEIE1_19401,2
A3CKLC375W7M1S_2490,3
A3M7HFZ6XKXOUE_6498,2
A393IH3B8J6NIW_12997,4
AE6U92RGHPNY1_12298,4
A3VERK02U6X7LZ_22195,3
A1ZSGGUOBC6P1I_18867,1
A2B1DT7C5I69MA_10222,1
A3FZJWYYMWHSNK_841,5
A2T3BVMY01BLPZ_18962,3
A3VFEICZRXOFOB_23516,1
A1BY6EWVPXWVOX_10192,4
A12EWTN266O78P_5366,5
A2MVHL5UK9HLL2_23843,3
A1PT17P9KF7B35_19898,1
A2T7TZQXNTTYH0_19853,1
A1EFUTT0BHHQ0A_5498,5
A2IBE01ZFGBHPQ_12087,4
A1ZOSOAKGSMEU2_8396,4
A2YTRUKN537J4K_22920,1
A1XXFXNL0TDS5X_15238,1
AFPGG6UHF7EEF_7142,5
A3N4QSYHDXXYFY_18480,3
AWNIGR45L3GIH_3748,5
A2M8YG0P5S0AMF_21936,4
A2QCV09RS094YU_15517,4
A32WEVCTNVAG3S_4136,4
A9L80JEHO7LGM_7816,5
A26MO4WIGB669B_4993,5
AAC1G5QQYXTCT_20359,2
A15WKAFW528U6_667,5
AMMRGJ5V3WP3H_6532,4
A2SO2GZJ0PWETC_8102,5
A1AVXUUEPZX7Z0_1016,5
A1Z8KRA75RJ6C_1319,5
ADSRRN0LE502T_21356,1
AO3LQK1YNBNDZ_2248,5
AQ7AA5G9G224E_21303,3
A2EXMGQEFLW0LD_7347,3
AS5C3SKU5NYM5_11467,1
A3FH5CHYXRZPTR_1706,5
A3A02QF8URP81W_17675,3
A1XWTPRFEW87NW_635,5
A2SMUTOINJQDU3_15411,4
AW4MT9WP95TVD_2683,3
A2I86UMQ8CQL2Z_8266,5
A3CCBY66FZZFZJ_13813,4
ABTZVIK6E5104_9117,3
A39EPO6YD7JJ5S_23438,3
A36YVSRFMCW39O_11059,4
A206JYZTUXTFAS_10710,3
A23WA7Y8FZVEE8_14899,3
A3OG9MBQKZP7LZ_6935,5
A3TQEIXVEMB9ZO_10726,5
ABRRATI739GFO_12422,5
A3UXFZXMRXM25O_8524,3
A25T9ZE7OU4M14_1647,4
AKMPMWKXF5GZV_5954,1
AENESN505A721_15128,4
AA7MOZZU6FIHE_4446,5
AFSDXMAYEQLJR_14044,4
AJ6I35OWXX94P_21061,1
A209OUARFGHDH2_2750,4
A2WROBVIC6OQTJ_888,5
A3L5965NY9SJAX_21725,4
A1RE3XWWCCT2UW_18493,1
AK8SM4V93F2CO_19395,3
A1PKFX0KXCFQR0_12911,3
A2VWNOZZQSW2B9_883,5
A248GUMT8WVVQ1_23909,1
A3HZHVKY58P082_20390,4
A14XL732VSD2PP_4182,3
A30J181BO90YVZ_15315,4
A11EY1NJY2CO1I_5408,4
A3FUV4IRCO5HHB_13248,4
A2RLJBBIE9MI0M_22254,1
A25G0O16Z8U9N7_21917,4
A27EBLHJEJETIV_11014,1
A2QTN70WEWSMVC_12742,3
A3V6RHRIUZ7KHO_951,1
A3F31WV27FJMFM_23696,4
AM775LAV45IEP_14281,3
A3N9A9XBCUJNQ4_8943,4
A2PFK1B5ESE15J_7190,5
A2PHJ7RJBRK2N0_15998,5
A3PHVY1OCXWVWJ_7226,5
A2DI3H7BJ9QCRU_19767,4
A1KLJ8ZX35F37U_17895,2
A2A1V3C39RJUK7_17636,2
A3IBUHRXDQQZNT_13730,4
A3GW2F663MS7Q6_12779,3
A2U6FS36VMLJ04_9784,4
A1CKZZBM4BV0TK_11526,1
A2FDLXW6D4XUDY_193,5
A3U0ER6TKM83C8_15629,2
ALQU5INTDDHZB_12464,1
A3KJBPJ0T0MNPS_18864,4
A2MGGP3MVYBVX9_640,4
A2ZN88NLI7VHF3_22790,2
AG4U2AOI7RAD6_19139,4
A2SBX7UU9PPJUA_12762,4
A944UW68HGUY5_13767,1
A2DRYJZZC6Q6N4_6777,4
A1V8BSIQV28GRA_2040,5
AKKAJ6ND7O3BS_13624,3
A1BFE3PSY97MNB_15267,1
A31MGQLJBB1NL6_17780,5
A1Z031PB1BTNQX_10842,3
AH73L1LWT09MW_13356,4
AGCLG2LSPGT5X_13594,1
A2ZNMQU4IHIX49_2104,5
A1B8KYG1W1744D_7010,5
A22VNXHU6IZ5MT_23147,1
A11S3GCYA41FFJ_5007,4
A2ZFCQ0FZB4Q0X_22739,3
A25KX167GZ89Q8_12551,4
A1B01Z2US27751_7577,5
A3PJBCGS3Q57NK_4942,4
A3EM32S9AYBZVA_4534,5
AJDER8726C78R_2640,5
AH16HVW3ZITR3_17699,2
A1F3NSLXFEG3C1_10476,4
A2BTMUF359ZHZ5_11005,2
A29DLF142BIESF_8903,4
APF6DFB57SML0_7683,3
A1DJF4SCY6U165_9362,4
A34W7QA4J5UTOR_2538,4
A40SNIPBE5G81_14413,4
A3GU1VT7VNGOVU_8998,5
A1Q10EL9TP5NP7_7839,5
A3VAF83VTO9EPR_20537,3
A1NT4CEYTAVF1E_15879,5
A39XR5AGD60YKT_17081,1
A2BDAZEFU4DU43_9086,2
A289MVW87BI88R_20894,3
ABK09TXQ0KNNU_8101,5
A28ALDON4DD2BY_8493,4
A3OC6XWQBWGUCT_14747,3
A12O47TBZRD152_15554,3
A19ZEEZTGIXUOL_5215,5
A3HHP2JMX89732_14611,3
A2Y897CK0F76VT_17952,1
A8IC4AYQRG3SV_13983,3
ARKDD0ZWY77QI_16540,4
A3RYU38JT3TKY_20075,1
A3Q2EQLLLQOQXI_14502,2
AACJUD2Y4DXWV_10397,3
ATEQOAUMIPQ5U_19511,1
A2F42D9XNVTM37_18314,1
A3LQ3ZN205A042_17404,3
A2G529HPM12K3T_21875,3
A25L5YZNUZHON6_15225,1
A1JIWG8NOZXBI4_4369,3
A94YE657KXATV_14957,4
A13S8UK2JVP52O_3976,5
ATJF5QEVNMWIL_8165,5
A28N4YIJPBJDFK_18265,3
A1CE48O15OIQ09_1645,1
A2CJGRYHRRSV91_15222,4
A1AWYFJ2VCVSNT_16972,4
A3B9XTIDLP6BKN_22803,4
AY4ES7PP8RIIA_5763,5
A1SNNPH6OHAFES_7170,1
A133JP50JLSPGE_13931,3
A3DAL3KO3W0IQ4_3492,5
A2F3AA798D6X5H_181,5
AJ5I39GJSGSZW_22532,4
A3J8ABVGK7ZL6H_21497,3
APDTAXWCCVZ9Y_4835,5
A81UQY2JL2F6A_7994,4
AY0SXR54BB3AK_13095,5
ADOQRCR2S5JN1_16199,1
A1Y8PDZ7T8R5TJ_12582,4
AO3ZVS2A1SZ3Y_22818,3
A2K4RJQXY8O7DE_6371,5
A2JRDJWXWA1NN9_18863,1
A2V0J0ZOHG9RSE_20636,2
A3W3KWL2WD6JQD_13580,4
A1TG1KJPWXDO9E_14923,4
A2S6QK4YIGWL0F_2386,2
ABYCK8DCE71UP_20030,4
AM0GX20YOSP4K_15569,5
A2YAJKQCKAAAM2_8023,5
A1VKSVNY347N4X_1514,4
A14MML8W9SBEP9_800,5
AMK4AVNUCPUIT_4828,5
A1TK6JWUC26FK1_6525,5
A133XWRV6JITQ2_7361,5
A1YGBQCCW19LA4_10171,3
A13PJS89H5XTW4_22046,2
A3RJ49RHZ352BS_7696,5
A1F9Y503N0S32E_3060,5
A3L6Z4ZV8QBGI6_10983,1
A3RX5CGOCXJMGF_20291,1
A1YHOUOOQW6BLF_20740,4
A1VKT76YHR83C6_21753,1
A319F9CZSEWUSX_16890,2
AY69Y202QP8ZH_9299,4
A112EXGPYBT397_2778,4
A2NY3D8E7TEDF5_21589,4
A3IF76O0VUMVYZ_5560,5
A2PBAEZUER27GT_15505,3
A36KJYYXDMG4E7_16750,4
A243GUOTNUF2VN_7002,5
A3L47VHIWOKGFL_22138,4
A2NU9H8H5MJZSL_14488,1
AWAVLO8RZLNRX_14476,4
AAJU4SG0NX7P_15236,4
A3EKQV7J4GE13R_10559,4
A3SVDGKBTH0XKF_21453,2
A2XN0BVF9M5GDU_19879,1
A3E0NT7F8MT5MK_19004,5
A3F3ZKYC8WVYG_14086,3
A3ZMH7JYQL590_6887,2
A29GTEMN0C0WBN_9401,1
AOA2M9XI2XFYQ_9957,5
A3AKTNMH6TMCQA_13,3
A9AIF6NPEZTQA_17954,3
A1FZA28KKEK8MT_13306,4
A17ZLLUYLS1YYO_9861,5
A112R6YSMWMSAI_18648,3
A1HTTDII8F1G38_20169,4
A1GWGOYPVE7CN_5702,5
A2GIBFKJS5FXKX_22194,3
AXSND3JLJCYRU_12423,4
A1H1IXCZ3MEGHB_21788,5
A1BPZ7O7PQR90N_13777,4
AEMB56DP217EY_6286,3
A3H6PKSSFXDIS2_4170,4
A1NRQTK270CA0J_18166,2
A15Y85N9328LCI_9688,3
AHUT55E980RDR_22846,1
A3HEV3I13Q2SWJ_13185,1
AX5B2FUZW5Z55_10688,3
A3C9DUWL6YWOOC_13382,1
A3762LB4P78A09_21852,4
A10QM4UZIAO7UZ_10134,4
A3Q0RDVFPO1XZU_16617,1
AW1Q0ZMGD7MB1_9840,4
A1FBS4LTCPPUOQ_4083,5
A2HUVJBMVIG9LC_23595,3
A2XW6HWLV3L822_10286,4
AZPSZ9N45589_20419,2
AQ6SV7LDSMGBE_10819,4
A30OANCZ0UXC90_21765,3
A1307VV615KQ64_2292,5
A1L915K3WX4K29_14132,1
A26CD9190JO5ZE_11934,5
A3MLE9W9YYVGBT_6456,5
A21P23BGVPDB_21975,1
ARKQOF1RUMPL6_22506,3
A1JSDHQH49LJLA_17643,3
A1P0VW7IXUNUM2_17036,2
A23M34LR1SQHS9_55,5
ASPDHQKTO35BX_14288,1
A2SEUIJM2QWACT_23225,1
A2LOIXUGIRVS08_1454,5
A11F3YONMF67ML_8346,5
A15CCQLICLK4KF_6228,1
A25VFK1S9QONNE_18893,2
A2VCUW5IG6KFAI_12622,4
AI7I0J9ZCPOK1_3789,5
A32MD5AZKA21QW_16758,5
A2MJTV5168YVT4_19864,4
AHSF06670DDN8_14299,4
AWMXL51X9D7C5_10278,3
A2KC1AHZ50E4DX_11327,4
A3B9XTIDLP6BKN_14239,4
A8C1IQZE5LM36_19548,3
AO1AWE3A86XD9_3552,2
A3JYYY7NXWT6HE_1253,1
A39D17AJ08YJWM_8698,4
A1ECIKAFT7Y5T2_19024,3
A26KPN5E87WMM6_5851,4
A6I8QO7TEDQ4C_8559,3
A2ZMGIE78SAVD4_3779,5
A271TR81FUN8SX_904,1
A2DICRMS7SQIZD_10851,4
A3IBCPYXC6GK39_17570,1
A2CBF1Z7L9RZLB_22266,2
A2DE5UPQJSIPKR_13096,5
A7RL65DAZY6I8_16692,3
A2D24PPZ0JCMJ8_21020,1
A13VQOO2P9EBSS_11506,3
A3I8CCGV713P4X_9146,5
A3MYDI7979V6LU_2274,4
ADNBUKNODH7OX_9129,4
AWU6S35EXAWWC_10756,1
AF6F60X82R993_13056,1
A3HOZFJE69MOVA_6328,5
A2GJCAACXMF00B_21627,3
A3EVSJ149XQESS_775,5
A1LH9IKD5YIYIW_7304,4
A37TG7VOX2KTOM_7457,3
A9GPYIQFT2O3F_10000,3
A23H4KU24QJ2B_11457,2
A2USQQQBR5CBS7_15083,4
A2BKIPIJWR6V04_6539,3
A3DVF8B947F01L_7288,5
A1JMP7ZJ8YUJIA_15423,3
AEIGGK6HLOD96_1268,4
A2WMRKPJTZRLAH_12535,5
AL5IHGWKYBIQM_3542,5
A5VDSOQQC2HVL_22979,1
ARO7VFY4CBGRI_5216,4
A1CRUOC2MQT0AZ_8742,4
A3C4VSLX0MHEQC_8131,5
AA2B4KQC9BE5J_21951,3
A1TXU309DV96DC_13491,3
AXLIZPL4HP8NI_10885,3
A2U67M7SVQVM9V_5877,1
A1OI540AHBXVT6_812,5
AKK9M8UPFPLZE_13510,1
A2OW1XECCXHFC5_5801,3
ATT5G1ATF34J_5324,5
A3CL3CKONZDA7U_7757,5
A2332DDKWXEC5J_5064,5
A1EU66488BUQC2_20337,3
A2DDH9Y61DIU4P_13316,3
A1GWWORTKFD1H7_18346,3
A1NI0VOVXZBM7Y_11589,1
A6RB1O0JPPOA0_3368,5
A196VU49UCIOQT_21854,5
ADX56E3E09XZE_8176,5
AOR4BEPUPLQ1_22349,4
ADPB8S493PYGE_6883,3
AM68L114XLCD_11724,2
A33NW7SHZWFEAO_1307,3
A1BIKE0W9E1XLO_11948,3
A2TM61DU6W2CEC_10101,4
A2EQRK5VKWY4UL_1370,5
A3DZS0Q4FYKO5M_4176,5
ADPZ5HXP5B3N_14083,4
A1K2FP6W37L1WW_4852,5
A5QE86H97FDJA_18105,1
A55DWAFXRTZXG_19087,1
ADD68RRL8H3B5_12098,4
A2W9J1ZCL5N1ZB_1180,2
A2G1ZSQM0FN3VX_17877,3
ACFR1D9UTCGLI_4884,5
A1U6P8WNQQZVF0_22643,5
A2U3HG214VNP9N_2465,5
AIIAI6BGKNESW_23808,2
AE3SC1KGTRWPL_316,5
A3FGBZCL7UM6W5_18379,5
AD0W97XLGJBFJ_14014,1
A3RBM6YWOFF4KT_23123,2
A1KJC1J89UCTRA_18077,4
A2S17FCUAOEIMY_14478,3
A2MYAFZG6YP57C_5294,4
ANWI9SW3LW5PK_8583,5
A5MOIZSWZMBTW_20876,2
A1BVFJO7Y0JN28_4286,4
A163KOMQTAMJH9_10929,5
A1UUC7JTSBUGWG_116,3
AAVVPHV7ALEAY_1444,3
A23V3BH5UHJNIE_9066,4
A2KKPXKD9NT6C4_23731,5
A3C3OO82M3CDPT_20784,3
AZEU54NXF7SB5_3024,2
A32YK790GT95AZ_1664,5
A17UCRKD80RUGT_8228,1
A2P0G4L51V99GR_16008,2
A12BDG4M6L4RZU_16561,1
A2P6J47LTJXFLI_8650,4
A5IRNLYBGW3LB_20782,3
A3E82VXGEFJ7QI_22527,3
A3CLI4SHLUL50V_6671,5
A3UQX2UXWLG090_11235,5
A2B9NGZPJRM3BG_23514,2
A1Z9052AXKDLKA_6901,4
A7R00FX84YNGU_19819,3
A3FVMWJJPRE15U_9232,5
A3HGBK331477GB_8924,4
A136W35RIRXYAJ_5093,2
A1F04QD8CB718D_23847,1
A1O18S5890ULZ7_3507,5
ATA4191XF55YF_3782,5
A3C3OO82M3CDPT_8666,3
ADJ4M8X3UWSZF_4400,5
AWF2S3UNW9UA0_3394,4
A25K41YKIK00OT_21737,3
A2NM0KPFGZPKUQ_9810,5
A1HL0V61O8Q0JK_18173,3
AUTUYKL8525WP_21884,4
A1KRHFVSBUB366_256,5
A33FA68V0NCM5E_17332,4
A1AL7GXFGTRB2W_21429,3
A1QW9QNI9DHEIK_20043,3
A3UGILCWBKAR1H_9912,2
A11JDD2KZVUOT6_23053,4
A38FH6CWWAOX7C_17800,3
A3JBVNAT9ZQF1V_14358,4
AC3XZYU40JG89_5169,3
A1T890K4I96E3A_9338,4
ARX9I48V4EZAU_12108,1
A4U5CITC1JB05_8004,5
A14AB8QXQ6J6H4_2254,5
A130KZO1FFDTP8_11436,4
A2YA77O5RYQ1JE_4340,3
A1DJLUH6JQ1RHQ_23687,1
A2CXV46IV0WQ63_16576,5
A3RO2KO4IGMII1_6984,5
A1K4HYP5IQB9G9_17617,2
A16W8ANC7FD6ET_2400,3
A3TOAOWG9KDSFG_3276,4
AOYV6YF6HWAC5_18448,1
AN6C34MX92LG2_20354,2
A3GZ5AKUJBYPBG_15017,1
A38OROMVMATYOG_305,4
A1041053SID37WN8GTT8_2377,5
AJ8G9QCQSLZTB_10360,5
A2NIF3BKZKK3H8_14982,3
A1KBYG8FZLG2AJ_9830,4
A1HCGGVH16HNES_21151,3
A5O6OR1F40RBZ_23779,3
A1LY9I9HS4MZJH_4288,4
A2XYDLEO2QPXIF_12969,4
AWT1SIE9XIEJF_8703,5
A6Q8VGVWEHX4S_7821,5
AO05IVMCX03H9_10295,5
A2AV7Q95QGPTO0_23468,5
A2AXQ0P5ON6NPZ_21945,4
A2LFEIB07H21S7_6693,4
A24PIFEQVB18HO_8544,4
A2VE1RLWG9DGEZ_10366,1
A3B9XTIDLP6BKN_17130,1
A31FR57M9KMTEX_18521,1
A2G71M4HFFPJJN_19125,4
A3K4SYLXDN7BNB_21540,5
A35IBKGL6A9PHS_13737,3
A2T2W4ULXB8LYN_2686,5
A3F7PBATA5KROT_20295,2
A224SP5OR1C2TO_1302,3
AF4RCK5SC5IKK_19481,2
A20LF4TQ5M0RHJ_18970,1
AMPHEG5NOGT8X_8067,4
A3KZTEUNNB20OY_18667,3
A21LHH643WXHSC_3928,3
A30NVSLEMRKEW1_13230,5
A2DXI8AYJTW7K_7707,5
AIQKV4MZ9CIUM_22125,4
A25CZT19NKX96H_2226,3
A3U0ER6TKM83C8_19498,3
A2YWDZU5O3SZU6_2245,4
A18H50IXCFI2O4_6089,5
AGQNHTWFLBTIS_2625,5
A1SKNFXR9R02S5_16640,3
A15B0S6G66B7Z1_1863,5
A14ENRUZIHBOP9_5158,5
A3S06D3SIF0G54_17403,1
AROPYUEN349VH_16477,3
A31718KLBY28J8_15623,5
A1EFV36G1ROXUS_19142,1
A5I88702K12HM_1643,2
A1C0NMCONVFVF4_1873,4
A1C3VSB50ELP6V_10276,2
AADZIDXTF2NUJ_1997,5
A3B7Z162COPDWN_17766,3
A1VA46Q78W15YD_18978,3
A2LZZQOSSFN3DC_1916,5
A2UEZKCPP6B2U7_7133,5
A2ECYCMXNSYOPX_9722,3
A1BFMWEWDIHU1L_6222,4
A3V522YGU0U5YQ_5072,5
A2Y29IRSI08F0I_15947,5
A3SZ152E6BBTOK_23540,3
AQ4K84QQBB7WG_21688,3
AMV4KOYNSP2UB_18211,4
A1BUDQ79007HRX_22825,5
A2OFC0HCXCM2PU_13861,2
A3818DTTMGT8MO_9347,5
A9Q28YTLYREO7_14909,3
A2ONLDB3HCV1K2_8690,4
AKAY9O86FHWXF_12793,3
A204IS3LM0G5WR_70,4
A20LK1LAVKME10_12418,5
A3AJSON8SXXBX5_5394,4
A38104N0JXPBSL_1921,5
A31CFKM5SPS4IR_13141,5
A21XTXC51GHL8J_7004,2
A1NK6ISR6IS4PL_15773,5
AAEEXHRP4QBQ1_15913,5
AHL98CA2CJHQF_13317,3
ASYN7RG93QPAY_5449,3
A1DPDIRQVH342D_7745,5
A27XCMCRB2Y40Q_3056,5
A3INOE9VZMPM3L_483,4
AM2ZRXBPRH1D5_17713,3
A3JIJAF43PE6EA_21369,3
A21O521CTFTPY2_1657,5
AFVHO52P7IMPG_3208,5
A32YP7TLINXUNZ_18033,3
A3U8J6HOIYKIFM_14520,2
A14NF5B1Y55DLE_2470,4
A3F5JAUKAL4RRU_8185,5
A32PF10DWLXEWK_15159,5
ACSMP209L1GT3_9127,4
A1KQ379THYTYGV_6012,3
A38HCXBEX2W9CN_13824,3
ALC7YWS2TEDK8_4593,4
A3TVTGIS300OTU_14700,1
A1GWCQ5OZ19J4Z_17573,3
A3UTRAYQ22J1C8_6232,4
A1HIXSSDV3RMSU_6278,4
A305JZPTYTZX92_8147,5
A23YL13B67INJI_3580,5
AKUDXZUFDO9ML_11118,2
A1NSXDS5MLI48X_13193,3
AENU742EV17J7_1986,5
A7TIWX1I4Y37U_3224,5
AN8B0GA55DG0Y_21174,4
A22F3RE1VHXMGN_21412,1
A3FF0XBIN2IC4O_22064,3
A2BWMLUK6RIK92_1775,4
A3IOAA22WPJ2MT_15303,3
A1EUV4BEQOOGAQ_13470,4
A1DUU4BBVTZECU_13879,4
A6SJYNBZ87E0N_11609,3
A10J9HOYTZNS4A_14124,2
A20R9QMZPQHMZR_21593,1
A1DSOF0EK9G06C_3176,1
AH6ASY8ZMQ2SZ_3090,5
AIFO41VARFJBA_6239,2
A3Q867M7U1ODME_13338,4
A3ERP0MPW0GO3R_15498,3
A2ZW2ZE26SN1YP_7962,5
A9HXFEYMC6J0Q_15488,2
A2ECRRNKVVLY99_18881,3
A3F5KKZA5121CS_18711,2
A2YGEB7P4MNER6_23702,3
A3SWKWIGOWAAD_4335,4
A2SIQT1V4CZ0Z8_17669,1
A24RBX8I526QMZ_7020,3
A3EUYVUXN464AJ_15906,1
A4DXI79ISF2T1_21921,3
A2GFEJ7PQBUF7X_9125,4
A2P94LQO48Z8X3_7798,1
A23LTYI6FN8Y7E_16847,4
A22RY8N8CNDF3A_2321,1
A16OZBU3XRZ4DQ_10827,4
A3C56IXBT4ETXA_1029,4
A17DM35UV124B1_2208,5
A2B4RPOY0H2X3U_7501,5
AZFG86CTD0O52_1929,5
A3BOQUOU79BQ8B_20679,1
AKU4IJEPWCX6T_23194,2
APKVQ4NJS59FR_2326,3
A1GTD9YMT653GD_235,5
A2W9J1ZCL5N1ZB_7216,4
A1ECRFTQIQEZUU_19282,1
AXHR94EVPADQG_7540,4
A2GYIZ74N28BI1_18150,2
ABTVQ2R4U7HG7_19277,2
A2Y9E66RNP0U22_689,5
A13LHVIP1419G4_11078,5
AEZ8WH06SEW6K_2098,5
A2L167UOLOYOO0_7362,4
A1VBRKZ0SF2DSC_8123,5
A1O1CSEH84UVHW_3965,1
A3K4FMTL9I2C3L_14794,1
A3FMXN13I8KVDZ_16959,2
A314EDZFGCCI6F_14355,4
ALAPPZ0D8C3L2_12236,4
ATJF5QEVNMWIL_23975,4
A256T5PCQ0UZIM_22009,2
A1L1B4UK75BCFL_13074,1
A1TN8A6PENVN8D_10214,3
A2I9QSI0CO5AIY_23361,3
A1TV688C0IMOO6_6591,4
A1B61ZED7288CC_22605,5
A16YOB8YFHID3Y_17671,3
A2XOKPA8FRSMRB_6940,3
AZXR8OWGQRQ9X_13865,2
AC2AK61N0EKPE_19876,1
A3IDC2HKELAYWT_17290,3
A3KXAY9CMIZUEZ_8685,4
A1W370PSJY5CA7_5410,1
AON6ZIVWEVEJM_18015,2
A1B5L9AG1GB2MT_15574,3
AOZ3M0U00V99P_21618,2
A23LEVR072VF6K_4207,3
A3YW07H3DKVEH_4120,3
A18JXYJ9WVXO2D_17455,1
ACO7Y2WX471SP_2267,5
A3K0AM9FYF0UPI_15924,3
AQDNQLKMG7HBX_2806,4
AEAJTB1USRIE5_2580,5
A5A5BOL02Q1NT_18591,5
A8I54OGV2WNJT_7892,5
A39C5OIZ3I3PK5_1898,5
A3N44846RKHO40_7846,3
A2QGTBATWMGSOP_10076,2
AJVFQ6O7268KQ_11894,1
A1U9GHQBFJV3LQ_3665,4
A17N79D5PI5BMN_638,5
A13I3HBCZ3DJ4B_16010,3
A1VZ0SF3WGAHIY_10621,2
ANU264A6H0ZR8_19626,4
A3KGJE4LQW0T2Q_18,5
A20R415YFOMUPH_17378,2
AI9Z4BM4OQDFM_17674,5
A3V1JGT8CDTUR2_5293,5
A3NZ3SXT2JHWMH_12252,1
A2BS7HCDRHH8X6_23860,1
A3K0EPJSA0GZQF_6517,2
A6LXKCKCBLZCR_19954,1
A313FM1PCAAYUH_23826,1
A372UFZ8CKTA6P_20937,2
A35TCNACWMZDHI_9779,5
ASUPNNQCRBJA7_20489,3
A1CIRBC4BUMMSC_3486,5
A3QQLY48RJUAXH_16635,4
AUULTTD0XTMM8_5854,5
A16WGUVUHOSCAL_16403,5
AT1PIN6WA88V9_8630,1
A1ZKKJ05EJYJOH_23582,1
A1X054KUYG5V_23661,3
A2S689D469XHA1_106,5
A1D3APXAR9QZOO_14867,4
A347PU47OQ5Z92_5182,5
A1WHYKEDG27613_14246,4
A32JZ9XNHMNWOO_9617,3
A3W2JMKMGUOI42_3655,2
A1SF25EXWAZZ08_11146,5
A2JXO5W5J8OEGO_21003,3
A15JZI09NAEQAH_8743,3
AJ6SFQPGWIHG0_17595,4
A3DWNL6E0CXVLA_22338,2
AQNP6RI4QY5UI_3753,5
AJJGZBCHGHYEN_23616,4
A1K0DIPHY379Q2_22291,3
A2QBNW0FTHH31Y_376,4
A2ZM17X1WDLLXB_18128,2
AZKUIW4BNEFWR_8238,4
A4GSQJBIIWK5I_17338,1
A3N0KD2VX4H239_15337,2
ATK88JVN6KSLZ_19526,2
A1AQFDGHZL4Y4H_12504,5
A2MG58QRZ29EUR_12608,5
A2WZ85I7QSBVHU_2081,5
AK8QECQY7CHB8_19543,3
A22KMCKYE5KQ2X_13833,5
A2DWVSQNNOW5HA_22298,1
A1VFLHH91N4DNR_5242,5
A33S60JVN2CNTM_20560,3
A7014XG14M30F_5008,5
AUN3NJUBVU6FK_3592,4
A1SEESSHPOTSDY_1543,1
AAMZ5CERAN0B5_2978,3
AC4OBKNZF0AQQ_16171,1
A2WM0PZF0B9G20_16696,3
AL47TOHUO3U6I_4532,5
A1ZCYC0RHTRMZF_7186,4
A3R4OBLGEUYQQM_11861,5
ADJ4M8X3UWSZF_13087,4
A3OBX1STQOIQM9_19121,5
A1C9R2WPEO2J4P_14038,2
A3CWVTH1M1ZP85_19155,2
A17ES880Y0XLWE_8609,3
A2HR76QEWVUCHP_17661,4
A1L69B5HNACFDB_18394,1
A3Q3OZS1MCTSK9_8081,5
A21A17T3TG912R_4575,5
A2SH72FGQWSP7J_8679,4
A1V9EJF0SXASKI_4681,5
A4YP8C4QHU2I1_15035,4
A5NEZVH42F77F_21064,4
A1F2KMOJODK21X_12964,3
AZOPRBMG6KDFW_16358,3
AOGADSBO6UYY1_21477,5
A2Y8LYW4CBCM5P_6967,5
A5L5CYL49AIW2_10311,3
AFBQ4RK2VGZR1_23524,1
AL1BTL9N79UU2_18585,4
A3DQG3U3XKUG5M_6913,4
A3IAK9OG2U6BRY_2168,5
A1REWP2OSWSPJM_8773,5
A1RV5KO737VP2T_13145,3
A3CML1HXW542EZ_10336,4
A6X2TIJ9FVDTA_1051,5
A2L7X562CJ2522_7505,5
A2WZYNL39AA8JC_1832,4
A3636T2712221D_10626,2
A1969SWAZMJ2E0_22433,1
A1V069KX8WX83T_7196,5
A88NZJZUAJ4XD_18250,2
A1D71VBP6Y9VRO_22549,3
A272SCP2RMAKQC_20971,2
A1FQH7GDIQ7HES_8845,5
A2LXGKKYDQZKIF_12433,1
AV0SBCDP5U3C_15147,1
A1CG09UHHIT0VB_5354,4
A3SZR6CHIMJ2J_8021,3
A3P8GK41KX27DA_23892,3
A3MAZM138KFVOW_17502,4
A18Z4PYBB9L9RY_5607,5
A1KD8CHSA9ZFAO_20806,3
A1TWFFJFMXLJO5_19960,3
A1OANNUCZ3HK6I_2339,1
A2U2OJCDRNQNBF_21234,3
A2TAAFL2CH550H_22398,3
A2C21DQ4FQARGV_22997,3
A14W3J8FCKYQO5_8748,4
A3O830XO65DMV5_21960,3
A1RJUL9AVLWC0U_6865,1
A2OO2VP12TIQZN_11641,4
AW1UJD60GG0RH_12130,4
A15I8JXQYS3YKJ_5329,5
AVB6L8EU6L3F9_11954,4
A1UAHK8DRBTSK8_20830,1
A1JHC5YJD92EX9_14857,4
A2GGB5O6W6D8QN_9108,5
A20UAFWEAJ5C6Y_12455,2
A3L53MFRK4DU4Z_3309,5
A2W0KXDW71PP7Z_7628,4
A1EX6Z7F0VSP3X_2614,3
A3EYI0IZOEXZ96_9482,5
A29E9NRD4JF5UO_7467,5
A18SH220KYV7OG_21668,3
AKBNUI8TB2YIC_1501,4
A1E0UL5T641R65_2279,5
AOQCR1MH556K6_23087,4
A36I7O0F69GITC_6300,4
A5F0YM6YOTFB2_18918,4
A27ZXPHVKGERFG_11850,1
A11BXVCQNX5OKP_20267,3
A1MG4UL9CI136Q_20599,4
A2Z3VJ7P1J9I00_9606,3
A34OD5GD02R6KN_18089,3
A1D44U2MPO993M_2582,5
A2GK9SBFY1EMV5_12403,5
A38UE8BR22MCF1_4090,3
AYMZTWBG0V53W_17571,1
A20QV96Q27TZ0S_15054,3
A1IB5SONIH59C_23911,1
A1NI0VOVXZBM7Y_1423,3
A2XZ06A13I0S16_8667,4
A1LCEJMBC630OJ_19782,1
A3U8J6HOIYKIFM_11270,5
A28NWQUGRJV5KS_11763,4
A127UH3KKXW0C0_3169,5
A3T62HQA9GF0UZ_12449,5
A2VDSIII404UTO_3039,5
A1UBJNUCJ2KYH1_3349,5
A1QI6PI0HH4H0P_11029,3
AVV5JGLBZERCM_7055,4
A3U59Z0TGYD80Z_5094,5
A10L2GE7PW7QLM_9105,4
A551XY0L7WQXU_11149,5
AB7JW6OY993QD_13848,1
A1SRWWY6KH8OTO_22876,4
A21GGD9JZ189H0_5231,5
A3FBFQ2P1D5YVU_212,4
A10LEXY2GOUDTF_9115,3
A2XG0VVD5WOTX4_19309,2
AUZF6JFWU6LLS_14719,1
A1Y1IKTDRQPCYF_7223,5
A9Q28YTLYREO7_13746,2
A1VZXPSRTFAHR0_17856,3
A7O79UEZZTMVM_22981,4
A2S8MLZTOQ67BH_21295,1
A16FZ4XGAJVF87_23462,3
AX36THIHPNPZU_6515,5
A3CJC7K4QZBYW5_18390,1
A3I76UJHITIO1U_869,5
A3JM8WLFO8PT4_19726,4
A11RCGZGVXFPPV_16559,4
A347DWON6GX9DT_7623,1
A3AGU38CRGN5JJ_7164,5
AF918PUAFXMHK_3070,5
A1Z4JEDIYTVBUE_976,1
A2088ALML6ZTGY_1041,5
A1NW4OOKRF8AX0_13825,1
A2BETUW68JTJRI_19349,3
A2FW53YM4T6D47_2848,1
AW54VHNI1HKSY_17870,5
A3J8ABVGK7ZL6H_22174,1
A3TBKJ4NTZQ6UH_3358,4
A321JPQTZ823YP_4572,5
A1V1S9VVL2JMS0_7314,5
A277HPW7B49PAO_8024,4
AA1AM20M8BWTG_9012,2
A2N6J64F668EY2_819,5
A3AK2AHTUZ8BSP_3648,4
A3F31WV27FJMFM_20952,3
